#
# TABLE STRUCTURE FOR: communities
#

DROP TABLE IF EXISTS `communities`;

CREATE TABLE `communities` (
  `id` bigint(20) unsigned NOT NULL AUTO_INCREMENT,
  `name` varchar(150) COLLATE utf8mb4_unicode_ci DEFAULT NULL,
  `admin_user_id` bigint(20) unsigned NOT NULL,
  UNIQUE KEY `id` (`id`),
  KEY `communities_name_idx` (`name`),
  KEY `admin_user_id` (`admin_user_id`),
  CONSTRAINT `communities_ibfk_1` FOREIGN KEY (`admin_user_id`) REFERENCES `users` (`id`)
) ENGINE=InnoDB AUTO_INCREMENT=101 DEFAULT CHARSET=utf8mb4 COLLATE=utf8mb4_unicode_ci;

INSERT INTO `communities` (`id`, `name`, `admin_user_id`) VALUES ('1', 'culpa', '201');
INSERT INTO `communities` (`id`, `name`, `admin_user_id`) VALUES ('2', 'eius', '202');
INSERT INTO `communities` (`id`, `name`, `admin_user_id`) VALUES ('3', 'labore', '203');
INSERT INTO `communities` (`id`, `name`, `admin_user_id`) VALUES ('4', 'est', '204');
INSERT INTO `communities` (`id`, `name`, `admin_user_id`) VALUES ('5', 'minima', '205');
INSERT INTO `communities` (`id`, `name`, `admin_user_id`) VALUES ('6', 'in', '206');
INSERT INTO `communities` (`id`, `name`, `admin_user_id`) VALUES ('7', 'hic', '207');
INSERT INTO `communities` (`id`, `name`, `admin_user_id`) VALUES ('8', 'aut', '208');
INSERT INTO `communities` (`id`, `name`, `admin_user_id`) VALUES ('9', 'reiciendis', '210');
INSERT INTO `communities` (`id`, `name`, `admin_user_id`) VALUES ('10', 'sequi', '212');
INSERT INTO `communities` (`id`, `name`, `admin_user_id`) VALUES ('11', 'et', '213');
INSERT INTO `communities` (`id`, `name`, `admin_user_id`) VALUES ('12', 'tempore', '216');
INSERT INTO `communities` (`id`, `name`, `admin_user_id`) VALUES ('13', 'quia', '217');
INSERT INTO `communities` (`id`, `name`, `admin_user_id`) VALUES ('14', 'dolor', '219');
INSERT INTO `communities` (`id`, `name`, `admin_user_id`) VALUES ('15', 'molestiae', '220');
INSERT INTO `communities` (`id`, `name`, `admin_user_id`) VALUES ('16', 'maxime', '222');
INSERT INTO `communities` (`id`, `name`, `admin_user_id`) VALUES ('17', 'nihil', '227');
INSERT INTO `communities` (`id`, `name`, `admin_user_id`) VALUES ('18', 'occaecati', '228');
INSERT INTO `communities` (`id`, `name`, `admin_user_id`) VALUES ('19', 'accusantium', '230');
INSERT INTO `communities` (`id`, `name`, `admin_user_id`) VALUES ('20', 'eligendi', '231');
INSERT INTO `communities` (`id`, `name`, `admin_user_id`) VALUES ('21', 'magni', '235');
INSERT INTO `communities` (`id`, `name`, `admin_user_id`) VALUES ('22', 'delectus', '236');
INSERT INTO `communities` (`id`, `name`, `admin_user_id`) VALUES ('23', 'maiores', '239');
INSERT INTO `communities` (`id`, `name`, `admin_user_id`) VALUES ('24', 'sit', '240');
INSERT INTO `communities` (`id`, `name`, `admin_user_id`) VALUES ('25', 'dolor', '241');
INSERT INTO `communities` (`id`, `name`, `admin_user_id`) VALUES ('26', 'praesentium', '243');
INSERT INTO `communities` (`id`, `name`, `admin_user_id`) VALUES ('27', 'eos', '245');
INSERT INTO `communities` (`id`, `name`, `admin_user_id`) VALUES ('28', 'voluptas', '246');
INSERT INTO `communities` (`id`, `name`, `admin_user_id`) VALUES ('29', 'distinctio', '247');
INSERT INTO `communities` (`id`, `name`, `admin_user_id`) VALUES ('30', 'praesentium', '248');
INSERT INTO `communities` (`id`, `name`, `admin_user_id`) VALUES ('31', 'maiores', '249');
INSERT INTO `communities` (`id`, `name`, `admin_user_id`) VALUES ('32', 'expedita', '250');
INSERT INTO `communities` (`id`, `name`, `admin_user_id`) VALUES ('33', 'nam', '253');
INSERT INTO `communities` (`id`, `name`, `admin_user_id`) VALUES ('34', 'aut', '254');
INSERT INTO `communities` (`id`, `name`, `admin_user_id`) VALUES ('35', 'perferendis', '255');
INSERT INTO `communities` (`id`, `name`, `admin_user_id`) VALUES ('36', 'maxime', '257');
INSERT INTO `communities` (`id`, `name`, `admin_user_id`) VALUES ('37', 'quia', '258');
INSERT INTO `communities` (`id`, `name`, `admin_user_id`) VALUES ('38', 'neque', '259');
INSERT INTO `communities` (`id`, `name`, `admin_user_id`) VALUES ('39', 'facere', '260');
INSERT INTO `communities` (`id`, `name`, `admin_user_id`) VALUES ('40', 'odio', '261');
INSERT INTO `communities` (`id`, `name`, `admin_user_id`) VALUES ('41', 'voluptas', '262');
INSERT INTO `communities` (`id`, `name`, `admin_user_id`) VALUES ('42', 'excepturi', '263');
INSERT INTO `communities` (`id`, `name`, `admin_user_id`) VALUES ('43', 'aut', '265');
INSERT INTO `communities` (`id`, `name`, `admin_user_id`) VALUES ('44', 'occaecati', '266');
INSERT INTO `communities` (`id`, `name`, `admin_user_id`) VALUES ('45', 'ipsum', '268');
INSERT INTO `communities` (`id`, `name`, `admin_user_id`) VALUES ('46', 'error', '269');
INSERT INTO `communities` (`id`, `name`, `admin_user_id`) VALUES ('47', 'dolor', '270');
INSERT INTO `communities` (`id`, `name`, `admin_user_id`) VALUES ('48', 'aut', '271');
INSERT INTO `communities` (`id`, `name`, `admin_user_id`) VALUES ('49', 'deserunt', '273');
INSERT INTO `communities` (`id`, `name`, `admin_user_id`) VALUES ('50', 'dolore', '275');
INSERT INTO `communities` (`id`, `name`, `admin_user_id`) VALUES ('51', 'consequatur', '277');
INSERT INTO `communities` (`id`, `name`, `admin_user_id`) VALUES ('52', 'nulla', '278');
INSERT INTO `communities` (`id`, `name`, `admin_user_id`) VALUES ('53', 'eos', '279');
INSERT INTO `communities` (`id`, `name`, `admin_user_id`) VALUES ('54', 'quis', '280');
INSERT INTO `communities` (`id`, `name`, `admin_user_id`) VALUES ('55', 'numquam', '283');
INSERT INTO `communities` (`id`, `name`, `admin_user_id`) VALUES ('56', 'adipisci', '284');
INSERT INTO `communities` (`id`, `name`, `admin_user_id`) VALUES ('57', 'et', '285');
INSERT INTO `communities` (`id`, `name`, `admin_user_id`) VALUES ('58', 'deleniti', '287');
INSERT INTO `communities` (`id`, `name`, `admin_user_id`) VALUES ('59', 'quasi', '292');
INSERT INTO `communities` (`id`, `name`, `admin_user_id`) VALUES ('60', 'voluptatibus', '296');
INSERT INTO `communities` (`id`, `name`, `admin_user_id`) VALUES ('61', 'sed', '297');
INSERT INTO `communities` (`id`, `name`, `admin_user_id`) VALUES ('62', 'officia', '298');
INSERT INTO `communities` (`id`, `name`, `admin_user_id`) VALUES ('63', 'asperiores', '301');
INSERT INTO `communities` (`id`, `name`, `admin_user_id`) VALUES ('64', 'eos', '302');
INSERT INTO `communities` (`id`, `name`, `admin_user_id`) VALUES ('65', 'quis', '305');
INSERT INTO `communities` (`id`, `name`, `admin_user_id`) VALUES ('66', 'sunt', '307');
INSERT INTO `communities` (`id`, `name`, `admin_user_id`) VALUES ('67', 'vel', '310');
INSERT INTO `communities` (`id`, `name`, `admin_user_id`) VALUES ('68', 'aperiam', '312');
INSERT INTO `communities` (`id`, `name`, `admin_user_id`) VALUES ('69', 'non', '313');
INSERT INTO `communities` (`id`, `name`, `admin_user_id`) VALUES ('70', 'debitis', '316');
INSERT INTO `communities` (`id`, `name`, `admin_user_id`) VALUES ('71', 'natus', '317');
INSERT INTO `communities` (`id`, `name`, `admin_user_id`) VALUES ('72', 'debitis', '318');
INSERT INTO `communities` (`id`, `name`, `admin_user_id`) VALUES ('73', 'non', '319');
INSERT INTO `communities` (`id`, `name`, `admin_user_id`) VALUES ('74', 'qui', '320');
INSERT INTO `communities` (`id`, `name`, `admin_user_id`) VALUES ('75', 'sint', '322');
INSERT INTO `communities` (`id`, `name`, `admin_user_id`) VALUES ('76', 'omnis', '325');
INSERT INTO `communities` (`id`, `name`, `admin_user_id`) VALUES ('77', 'reiciendis', '326');
INSERT INTO `communities` (`id`, `name`, `admin_user_id`) VALUES ('78', 'sapiente', '329');
INSERT INTO `communities` (`id`, `name`, `admin_user_id`) VALUES ('79', 'aliquam', '330');
INSERT INTO `communities` (`id`, `name`, `admin_user_id`) VALUES ('80', 'harum', '331');
INSERT INTO `communities` (`id`, `name`, `admin_user_id`) VALUES ('81', 'quis', '332');
INSERT INTO `communities` (`id`, `name`, `admin_user_id`) VALUES ('82', 'et', '333');
INSERT INTO `communities` (`id`, `name`, `admin_user_id`) VALUES ('83', 'ut', '334');
INSERT INTO `communities` (`id`, `name`, `admin_user_id`) VALUES ('84', 'est', '335');
INSERT INTO `communities` (`id`, `name`, `admin_user_id`) VALUES ('85', 'repellendus', '337');
INSERT INTO `communities` (`id`, `name`, `admin_user_id`) VALUES ('86', 'a', '340');
INSERT INTO `communities` (`id`, `name`, `admin_user_id`) VALUES ('87', 'autem', '341');
INSERT INTO `communities` (`id`, `name`, `admin_user_id`) VALUES ('88', 'libero', '347');
INSERT INTO `communities` (`id`, `name`, `admin_user_id`) VALUES ('89', 'sequi', '351');
INSERT INTO `communities` (`id`, `name`, `admin_user_id`) VALUES ('90', 'est', '353');
INSERT INTO `communities` (`id`, `name`, `admin_user_id`) VALUES ('91', 'voluptate', '357');
INSERT INTO `communities` (`id`, `name`, `admin_user_id`) VALUES ('92', 'qui', '359');
INSERT INTO `communities` (`id`, `name`, `admin_user_id`) VALUES ('93', 'omnis', '360');
INSERT INTO `communities` (`id`, `name`, `admin_user_id`) VALUES ('94', 'sit', '362');
INSERT INTO `communities` (`id`, `name`, `admin_user_id`) VALUES ('95', 'ad', '363');
INSERT INTO `communities` (`id`, `name`, `admin_user_id`) VALUES ('96', 'ratione', '364');
INSERT INTO `communities` (`id`, `name`, `admin_user_id`) VALUES ('97', 'voluptate', '365');
INSERT INTO `communities` (`id`, `name`, `admin_user_id`) VALUES ('98', 'quia', '367');
INSERT INTO `communities` (`id`, `name`, `admin_user_id`) VALUES ('99', 'atque', '368');
INSERT INTO `communities` (`id`, `name`, `admin_user_id`) VALUES ('100', 'et', '372');


#
# TABLE STRUCTURE FOR: friend_requests
#

DROP TABLE IF EXISTS `friend_requests`;

CREATE TABLE `friend_requests` (
  `initiator_user_id` bigint(20) unsigned NOT NULL,
  `target_user_id` bigint(20) unsigned NOT NULL,
  `status` enum('requested','approved','declined','unfriended') COLLATE utf8mb4_unicode_ci DEFAULT NULL,
  `requested_at` datetime DEFAULT current_timestamp(),
  `updated_at` datetime DEFAULT NULL ON UPDATE current_timestamp(),
  PRIMARY KEY (`initiator_user_id`,`target_user_id`),
  KEY `target_user_id` (`target_user_id`),
  CONSTRAINT `friend_requests_ibfk_1` FOREIGN KEY (`initiator_user_id`) REFERENCES `users` (`id`),
  CONSTRAINT `friend_requests_ibfk_2` FOREIGN KEY (`target_user_id`) REFERENCES `users` (`id`),
  CONSTRAINT `CONSTRAINT_1` CHECK (`initiator_user_id` <> `target_user_id`)
) ENGINE=InnoDB DEFAULT CHARSET=utf8mb4 COLLATE=utf8mb4_unicode_ci;

#
# TABLE STRUCTURE FOR: likes
#

DROP TABLE IF EXISTS `likes`;

CREATE TABLE `likes` (
  `id` bigint(20) unsigned NOT NULL AUTO_INCREMENT,
  `user_id` bigint(20) unsigned NOT NULL,
  `media_id` bigint(20) unsigned NOT NULL,
  `created_at` datetime DEFAULT current_timestamp(),
  UNIQUE KEY `id` (`id`)
) ENGINE=InnoDB AUTO_INCREMENT=101 DEFAULT CHARSET=utf8mb4 COLLATE=utf8mb4_unicode_ci;

INSERT INTO `likes` (`id`, `user_id`, `media_id`, `created_at`) VALUES ('1', '201', '1', '1996-09-26 11:45:53');
INSERT INTO `likes` (`id`, `user_id`, `media_id`, `created_at`) VALUES ('2', '202', '2', '1982-01-29 05:37:29');
INSERT INTO `likes` (`id`, `user_id`, `media_id`, `created_at`) VALUES ('3', '203', '3', '2005-08-25 14:07:37');
INSERT INTO `likes` (`id`, `user_id`, `media_id`, `created_at`) VALUES ('4', '204', '4', '2002-06-07 23:41:12');
INSERT INTO `likes` (`id`, `user_id`, `media_id`, `created_at`) VALUES ('5', '205', '5', '1991-05-08 03:38:33');
INSERT INTO `likes` (`id`, `user_id`, `media_id`, `created_at`) VALUES ('6', '206', '6', '1999-08-08 15:25:14');
INSERT INTO `likes` (`id`, `user_id`, `media_id`, `created_at`) VALUES ('7', '207', '7', '1981-11-17 22:55:53');
INSERT INTO `likes` (`id`, `user_id`, `media_id`, `created_at`) VALUES ('8', '208', '8', '2004-09-29 13:48:39');
INSERT INTO `likes` (`id`, `user_id`, `media_id`, `created_at`) VALUES ('9', '210', '9', '1972-02-23 04:52:06');
INSERT INTO `likes` (`id`, `user_id`, `media_id`, `created_at`) VALUES ('10', '212', '10', '2005-03-19 11:51:12');
INSERT INTO `likes` (`id`, `user_id`, `media_id`, `created_at`) VALUES ('11', '213', '11', '1970-09-10 14:29:07');
INSERT INTO `likes` (`id`, `user_id`, `media_id`, `created_at`) VALUES ('12', '216', '12', '1998-03-04 08:09:23');
INSERT INTO `likes` (`id`, `user_id`, `media_id`, `created_at`) VALUES ('13', '217', '13', '1971-11-15 03:31:57');
INSERT INTO `likes` (`id`, `user_id`, `media_id`, `created_at`) VALUES ('14', '219', '14', '2006-06-09 12:12:16');
INSERT INTO `likes` (`id`, `user_id`, `media_id`, `created_at`) VALUES ('15', '220', '15', '2003-02-16 18:03:38');
INSERT INTO `likes` (`id`, `user_id`, `media_id`, `created_at`) VALUES ('16', '222', '16', '2015-09-03 21:08:15');
INSERT INTO `likes` (`id`, `user_id`, `media_id`, `created_at`) VALUES ('17', '227', '17', '1994-07-29 06:15:14');
INSERT INTO `likes` (`id`, `user_id`, `media_id`, `created_at`) VALUES ('18', '228', '18', '2006-03-16 13:29:59');
INSERT INTO `likes` (`id`, `user_id`, `media_id`, `created_at`) VALUES ('19', '230', '19', '1972-08-09 12:03:25');
INSERT INTO `likes` (`id`, `user_id`, `media_id`, `created_at`) VALUES ('20', '231', '20', '1987-09-06 18:04:36');
INSERT INTO `likes` (`id`, `user_id`, `media_id`, `created_at`) VALUES ('21', '235', '21', '2012-12-06 02:22:54');
INSERT INTO `likes` (`id`, `user_id`, `media_id`, `created_at`) VALUES ('22', '236', '22', '1982-11-22 23:12:36');
INSERT INTO `likes` (`id`, `user_id`, `media_id`, `created_at`) VALUES ('23', '239', '23', '2012-01-19 01:05:57');
INSERT INTO `likes` (`id`, `user_id`, `media_id`, `created_at`) VALUES ('24', '240', '24', '2015-01-15 07:23:13');
INSERT INTO `likes` (`id`, `user_id`, `media_id`, `created_at`) VALUES ('25', '241', '25', '1974-04-10 09:14:34');
INSERT INTO `likes` (`id`, `user_id`, `media_id`, `created_at`) VALUES ('26', '243', '26', '2014-01-19 16:21:12');
INSERT INTO `likes` (`id`, `user_id`, `media_id`, `created_at`) VALUES ('27', '245', '27', '1997-06-08 18:42:07');
INSERT INTO `likes` (`id`, `user_id`, `media_id`, `created_at`) VALUES ('28', '246', '28', '1992-12-12 01:36:54');
INSERT INTO `likes` (`id`, `user_id`, `media_id`, `created_at`) VALUES ('29', '247', '29', '2019-06-29 22:22:58');
INSERT INTO `likes` (`id`, `user_id`, `media_id`, `created_at`) VALUES ('30', '248', '30', '1988-04-12 20:55:49');
INSERT INTO `likes` (`id`, `user_id`, `media_id`, `created_at`) VALUES ('31', '249', '31', '1971-04-11 03:32:49');
INSERT INTO `likes` (`id`, `user_id`, `media_id`, `created_at`) VALUES ('32', '250', '32', '1977-05-30 20:39:43');
INSERT INTO `likes` (`id`, `user_id`, `media_id`, `created_at`) VALUES ('33', '253', '33', '2009-05-27 12:33:33');
INSERT INTO `likes` (`id`, `user_id`, `media_id`, `created_at`) VALUES ('34', '254', '34', '2018-10-31 21:24:48');
INSERT INTO `likes` (`id`, `user_id`, `media_id`, `created_at`) VALUES ('35', '255', '35', '2002-12-06 05:10:07');
INSERT INTO `likes` (`id`, `user_id`, `media_id`, `created_at`) VALUES ('36', '257', '36', '1994-01-14 17:14:18');
INSERT INTO `likes` (`id`, `user_id`, `media_id`, `created_at`) VALUES ('37', '258', '37', '1972-04-27 11:29:53');
INSERT INTO `likes` (`id`, `user_id`, `media_id`, `created_at`) VALUES ('38', '259', '38', '2018-02-06 02:05:55');
INSERT INTO `likes` (`id`, `user_id`, `media_id`, `created_at`) VALUES ('39', '260', '39', '2020-07-08 07:37:00');
INSERT INTO `likes` (`id`, `user_id`, `media_id`, `created_at`) VALUES ('40', '261', '40', '1982-06-21 15:24:04');
INSERT INTO `likes` (`id`, `user_id`, `media_id`, `created_at`) VALUES ('41', '262', '41', '1994-08-19 18:12:14');
INSERT INTO `likes` (`id`, `user_id`, `media_id`, `created_at`) VALUES ('42', '263', '42', '2010-05-22 08:52:09');
INSERT INTO `likes` (`id`, `user_id`, `media_id`, `created_at`) VALUES ('43', '265', '43', '1981-02-20 22:30:21');
INSERT INTO `likes` (`id`, `user_id`, `media_id`, `created_at`) VALUES ('44', '266', '44', '1977-11-02 09:59:19');
INSERT INTO `likes` (`id`, `user_id`, `media_id`, `created_at`) VALUES ('45', '268', '45', '2007-01-04 07:45:51');
INSERT INTO `likes` (`id`, `user_id`, `media_id`, `created_at`) VALUES ('46', '269', '46', '1990-03-17 01:41:02');
INSERT INTO `likes` (`id`, `user_id`, `media_id`, `created_at`) VALUES ('47', '270', '47', '2012-10-22 02:15:00');
INSERT INTO `likes` (`id`, `user_id`, `media_id`, `created_at`) VALUES ('48', '271', '48', '1986-02-04 13:03:01');
INSERT INTO `likes` (`id`, `user_id`, `media_id`, `created_at`) VALUES ('49', '273', '49', '2009-08-26 08:12:26');
INSERT INTO `likes` (`id`, `user_id`, `media_id`, `created_at`) VALUES ('50', '275', '50', '2013-06-01 03:13:54');
INSERT INTO `likes` (`id`, `user_id`, `media_id`, `created_at`) VALUES ('51', '277', '51', '1993-10-19 14:09:32');
INSERT INTO `likes` (`id`, `user_id`, `media_id`, `created_at`) VALUES ('52', '278', '52', '2014-11-26 17:38:41');
INSERT INTO `likes` (`id`, `user_id`, `media_id`, `created_at`) VALUES ('53', '279', '53', '2016-04-25 01:52:20');
INSERT INTO `likes` (`id`, `user_id`, `media_id`, `created_at`) VALUES ('54', '280', '54', '1985-10-28 00:42:45');
INSERT INTO `likes` (`id`, `user_id`, `media_id`, `created_at`) VALUES ('55', '283', '55', '2009-01-29 06:42:22');
INSERT INTO `likes` (`id`, `user_id`, `media_id`, `created_at`) VALUES ('56', '284', '56', '1990-12-12 00:37:25');
INSERT INTO `likes` (`id`, `user_id`, `media_id`, `created_at`) VALUES ('57', '285', '57', '2004-08-21 16:45:25');
INSERT INTO `likes` (`id`, `user_id`, `media_id`, `created_at`) VALUES ('58', '287', '58', '1974-02-27 13:29:46');
INSERT INTO `likes` (`id`, `user_id`, `media_id`, `created_at`) VALUES ('59', '292', '59', '2005-07-06 10:36:09');
INSERT INTO `likes` (`id`, `user_id`, `media_id`, `created_at`) VALUES ('60', '296', '60', '1992-12-02 05:28:07');
INSERT INTO `likes` (`id`, `user_id`, `media_id`, `created_at`) VALUES ('61', '297', '61', '1973-05-23 09:28:26');
INSERT INTO `likes` (`id`, `user_id`, `media_id`, `created_at`) VALUES ('62', '298', '62', '1990-03-18 09:37:24');
INSERT INTO `likes` (`id`, `user_id`, `media_id`, `created_at`) VALUES ('63', '301', '63', '2007-10-05 22:10:42');
INSERT INTO `likes` (`id`, `user_id`, `media_id`, `created_at`) VALUES ('64', '302', '64', '2013-04-09 00:50:15');
INSERT INTO `likes` (`id`, `user_id`, `media_id`, `created_at`) VALUES ('65', '305', '65', '1976-11-12 06:02:50');
INSERT INTO `likes` (`id`, `user_id`, `media_id`, `created_at`) VALUES ('66', '307', '66', '1986-09-12 11:40:24');
INSERT INTO `likes` (`id`, `user_id`, `media_id`, `created_at`) VALUES ('67', '310', '67', '1982-01-26 08:46:04');
INSERT INTO `likes` (`id`, `user_id`, `media_id`, `created_at`) VALUES ('68', '312', '68', '1972-04-12 15:37:54');
INSERT INTO `likes` (`id`, `user_id`, `media_id`, `created_at`) VALUES ('69', '313', '69', '1970-01-23 06:17:11');
INSERT INTO `likes` (`id`, `user_id`, `media_id`, `created_at`) VALUES ('70', '316', '70', '1991-06-02 15:05:44');
INSERT INTO `likes` (`id`, `user_id`, `media_id`, `created_at`) VALUES ('71', '317', '71', '1971-03-02 22:42:21');
INSERT INTO `likes` (`id`, `user_id`, `media_id`, `created_at`) VALUES ('72', '318', '72', '2016-05-13 17:49:24');
INSERT INTO `likes` (`id`, `user_id`, `media_id`, `created_at`) VALUES ('73', '319', '73', '2003-03-08 14:48:25');
INSERT INTO `likes` (`id`, `user_id`, `media_id`, `created_at`) VALUES ('74', '320', '74', '2012-03-26 22:43:45');
INSERT INTO `likes` (`id`, `user_id`, `media_id`, `created_at`) VALUES ('75', '322', '75', '1996-10-21 00:58:59');
INSERT INTO `likes` (`id`, `user_id`, `media_id`, `created_at`) VALUES ('76', '325', '76', '2001-03-14 00:40:00');
INSERT INTO `likes` (`id`, `user_id`, `media_id`, `created_at`) VALUES ('77', '326', '77', '2001-08-25 13:35:07');
INSERT INTO `likes` (`id`, `user_id`, `media_id`, `created_at`) VALUES ('78', '329', '78', '2003-08-09 22:25:56');
INSERT INTO `likes` (`id`, `user_id`, `media_id`, `created_at`) VALUES ('79', '330', '79', '1986-07-07 02:34:11');
INSERT INTO `likes` (`id`, `user_id`, `media_id`, `created_at`) VALUES ('80', '331', '80', '2003-05-24 11:51:03');
INSERT INTO `likes` (`id`, `user_id`, `media_id`, `created_at`) VALUES ('81', '332', '81', '2001-11-26 13:00:17');
INSERT INTO `likes` (`id`, `user_id`, `media_id`, `created_at`) VALUES ('82', '333', '82', '1991-02-11 06:27:58');
INSERT INTO `likes` (`id`, `user_id`, `media_id`, `created_at`) VALUES ('83', '334', '83', '1974-11-29 10:27:52');
INSERT INTO `likes` (`id`, `user_id`, `media_id`, `created_at`) VALUES ('84', '335', '84', '1986-10-22 08:04:34');
INSERT INTO `likes` (`id`, `user_id`, `media_id`, `created_at`) VALUES ('85', '337', '85', '2002-09-18 16:47:56');
INSERT INTO `likes` (`id`, `user_id`, `media_id`, `created_at`) VALUES ('86', '340', '86', '1991-06-07 14:57:50');
INSERT INTO `likes` (`id`, `user_id`, `media_id`, `created_at`) VALUES ('87', '341', '87', '1988-05-13 01:58:01');
INSERT INTO `likes` (`id`, `user_id`, `media_id`, `created_at`) VALUES ('88', '347', '88', '2001-06-17 20:54:24');
INSERT INTO `likes` (`id`, `user_id`, `media_id`, `created_at`) VALUES ('89', '351', '89', '1979-02-02 02:55:54');
INSERT INTO `likes` (`id`, `user_id`, `media_id`, `created_at`) VALUES ('90', '353', '90', '1995-09-05 08:29:19');
INSERT INTO `likes` (`id`, `user_id`, `media_id`, `created_at`) VALUES ('91', '357', '91', '2017-10-30 22:24:57');
INSERT INTO `likes` (`id`, `user_id`, `media_id`, `created_at`) VALUES ('92', '359', '92', '2008-06-20 19:04:04');
INSERT INTO `likes` (`id`, `user_id`, `media_id`, `created_at`) VALUES ('93', '360', '93', '2003-12-01 16:49:18');
INSERT INTO `likes` (`id`, `user_id`, `media_id`, `created_at`) VALUES ('94', '362', '94', '1998-09-09 02:13:16');
INSERT INTO `likes` (`id`, `user_id`, `media_id`, `created_at`) VALUES ('95', '363', '95', '2003-09-26 01:26:49');
INSERT INTO `likes` (`id`, `user_id`, `media_id`, `created_at`) VALUES ('96', '364', '96', '2010-10-31 01:39:05');
INSERT INTO `likes` (`id`, `user_id`, `media_id`, `created_at`) VALUES ('97', '365', '97', '1978-05-02 22:02:16');
INSERT INTO `likes` (`id`, `user_id`, `media_id`, `created_at`) VALUES ('98', '367', '98', '1972-11-19 04:30:08');
INSERT INTO `likes` (`id`, `user_id`, `media_id`, `created_at`) VALUES ('99', '368', '99', '1987-07-31 17:57:48');
INSERT INTO `likes` (`id`, `user_id`, `media_id`, `created_at`) VALUES ('100', '372', '100', '2017-08-09 06:16:43');


#
# TABLE STRUCTURE FOR: media
#

DROP TABLE IF EXISTS `media`;

CREATE TABLE `media` (
  `id` bigint(20) unsigned NOT NULL AUTO_INCREMENT,
  `media_type_id` bigint(20) unsigned NOT NULL,
  `user_id` bigint(20) unsigned NOT NULL,
  `body` text COLLATE utf8mb4_unicode_ci DEFAULT NULL,
  `filename` varchar(255) COLLATE utf8mb4_unicode_ci DEFAULT NULL,
  `size` int(11) DEFAULT NULL,
  `metadata` longtext CHARACTER SET utf8mb4 COLLATE utf8mb4_bin DEFAULT NULL CHECK (json_valid(`metadata`)),
  `created_at` datetime DEFAULT current_timestamp(),
  `updated_at` datetime DEFAULT NULL ON UPDATE current_timestamp(),
  UNIQUE KEY `id` (`id`),
  KEY `user_id` (`user_id`),
  KEY `media_type_id` (`media_type_id`),
  CONSTRAINT `media_ibfk_1` FOREIGN KEY (`user_id`) REFERENCES `users` (`id`),
  CONSTRAINT `media_ibfk_2` FOREIGN KEY (`media_type_id`) REFERENCES `media_types` (`id`)
) ENGINE=InnoDB AUTO_INCREMENT=101 DEFAULT CHARSET=utf8mb4 COLLATE=utf8mb4_unicode_ci;

INSERT INTO `media` (`id`, `media_type_id`, `user_id`, `body`, `filename`, `size`, `metadata`, `created_at`, `updated_at`) VALUES ('1', '1', '201', 'At eligendi repellendus aliquid est dolorem est sint. Expedita id in ut nostrum cupiditate omnis. Saepe in praesentium itaque possimus qui dolores ut. Dolores nisi aliquid magnam harum.', 'ratione', 161, NULL, '1993-12-04 14:23:01', '1996-06-20 09:01:44');
INSERT INTO `media` (`id`, `media_type_id`, `user_id`, `body`, `filename`, `size`, `metadata`, `created_at`, `updated_at`) VALUES ('2', '2', '202', 'Perferendis corrupti ipsa ex et. Laudantium laudantium praesentium eligendi amet et. Ullam iure at et sunt minima est. Et est deserunt sed molestias saepe deleniti.', 'fuga', 19144, NULL, '2006-02-02 19:45:27', '1987-02-13 22:13:51');
INSERT INTO `media` (`id`, `media_type_id`, `user_id`, `body`, `filename`, `size`, `metadata`, `created_at`, `updated_at`) VALUES ('3', '3', '203', 'Qui ipsa non dolor quod maxime quibusdam dolore. Quasi est consequuntur aut quaerat doloribus et maxime dolores. Et in neque iusto doloribus qui. Ea asperiores consequatur quo.', 'consequatur', 375365580, NULL, '2018-02-13 11:17:44', '1981-08-16 13:35:30');
INSERT INTO `media` (`id`, `media_type_id`, `user_id`, `body`, `filename`, `size`, `metadata`, `created_at`, `updated_at`) VALUES ('4', '4', '204', 'Qui et magnam aut nemo saepe. Sint eaque a necessitatibus commodi rerum sapiente delectus iusto. Accusantium quo iste dolorem maiores quos. Magnam excepturi et debitis deleniti ea recusandae est.', 'deserunt', 54, NULL, '1971-02-08 01:06:45', '1975-01-05 23:23:12');
INSERT INTO `media` (`id`, `media_type_id`, `user_id`, `body`, `filename`, `size`, `metadata`, `created_at`, `updated_at`) VALUES ('5', '5', '205', 'Autem cupiditate nostrum reprehenderit autem laborum nobis. Placeat laudantium qui quia nihil ut suscipit officiis. Ullam minus sunt nostrum a nihil necessitatibus natus. Eum officia blanditiis voluptas dolorem voluptas voluptate qui iste.', 'autem', 96, NULL, '2019-12-20 11:58:30', '2020-05-07 20:56:42');
INSERT INTO `media` (`id`, `media_type_id`, `user_id`, `body`, `filename`, `size`, `metadata`, `created_at`, `updated_at`) VALUES ('6', '6', '206', 'Voluptatibus consequatur facilis non consequatur. Nulla perspiciatis dolor illo tenetur quod pariatur non. Labore deleniti officia in animi sunt. Est ipsum magnam non et neque aut reprehenderit.', 'recusandae', 805, NULL, '2006-11-20 02:41:11', '1992-12-26 02:03:01');
INSERT INTO `media` (`id`, `media_type_id`, `user_id`, `body`, `filename`, `size`, `metadata`, `created_at`, `updated_at`) VALUES ('7', '7', '207', 'Maxime officia aspernatur autem earum sint expedita ut. Molestiae nobis explicabo omnis a sint et aut. Eos laborum et voluptas. Illum et ratione sed aliquam.', 'et', 3850703, NULL, '1977-07-21 00:45:41', '1979-04-17 19:21:08');
INSERT INTO `media` (`id`, `media_type_id`, `user_id`, `body`, `filename`, `size`, `metadata`, `created_at`, `updated_at`) VALUES ('8', '8', '208', 'Rerum molestiae facilis voluptas. Ea doloremque quo amet iure aliquam consequuntur officiis veritatis. Sit expedita minus quis nam.', 'inventore', 7992, NULL, '2009-07-18 10:21:35', '1992-04-06 00:39:05');
INSERT INTO `media` (`id`, `media_type_id`, `user_id`, `body`, `filename`, `size`, `metadata`, `created_at`, `updated_at`) VALUES ('9', '9', '210', 'Earum rerum laboriosam dolorum a maiores officiis. Minima corrupti quia quia molestias. Qui id velit quidem commodi magni. Iure enim ex commodi.', 'modi', 45021847, NULL, '1974-05-08 17:30:01', '2006-12-31 12:01:26');
INSERT INTO `media` (`id`, `media_type_id`, `user_id`, `body`, `filename`, `size`, `metadata`, `created_at`, `updated_at`) VALUES ('10', '10', '212', 'Consectetur aliquid eaque sit eum in. Necessitatibus porro recusandae architecto distinctio. Sint cupiditate corrupti est assumenda cum. Placeat sed recusandae dolorum nihil consequatur deserunt incidunt.', 'natus', 599, NULL, '1997-06-02 12:48:17', '1971-06-29 18:33:58');
INSERT INTO `media` (`id`, `media_type_id`, `user_id`, `body`, `filename`, `size`, `metadata`, `created_at`, `updated_at`) VALUES ('11', '11', '213', 'Dolores ut perferendis dolor inventore quod. Sed reprehenderit dolore at optio. Soluta voluptatum aperiam perspiciatis.', 'vel', 71447365, NULL, '1970-08-26 19:06:01', '2008-11-18 00:16:12');
INSERT INTO `media` (`id`, `media_type_id`, `user_id`, `body`, `filename`, `size`, `metadata`, `created_at`, `updated_at`) VALUES ('12', '12', '216', 'Velit odit nostrum voluptatem velit omnis. Quibusdam impedit porro voluptas blanditiis et odio sit. Quia voluptate facilis asperiores in molestiae ab non. Expedita omnis et ut et eum qui omnis.', 'velit', 0, NULL, '1982-02-23 12:39:17', '2020-05-14 14:24:57');
INSERT INTO `media` (`id`, `media_type_id`, `user_id`, `body`, `filename`, `size`, `metadata`, `created_at`, `updated_at`) VALUES ('13', '13', '217', 'Libero praesentium laboriosam facere laudantium officiis iure. Quisquam nobis quia ut saepe. Aliquid consequuntur enim maiores recusandae harum consequatur. Ad voluptates distinctio tempore rerum unde quidem.', 'distinctio', 33606, NULL, '1977-02-03 00:50:39', '1974-02-09 17:48:33');
INSERT INTO `media` (`id`, `media_type_id`, `user_id`, `body`, `filename`, `size`, `metadata`, `created_at`, `updated_at`) VALUES ('14', '14', '219', 'Maxime molestias cumque quam dolorem sit sint saepe. Amet beatae enim iste quia quos hic.', 'modi', 1, NULL, '1995-03-08 06:03:53', '2013-11-23 01:43:01');
INSERT INTO `media` (`id`, `media_type_id`, `user_id`, `body`, `filename`, `size`, `metadata`, `created_at`, `updated_at`) VALUES ('15', '15', '220', 'Vel qui aperiam quae in. In accusamus modi nam asperiores rerum animi laborum. Ut eius odio veniam quia reprehenderit omnis laborum.', 'ipsa', 168, NULL, '1981-03-07 21:14:12', '2019-03-21 12:17:16');
INSERT INTO `media` (`id`, `media_type_id`, `user_id`, `body`, `filename`, `size`, `metadata`, `created_at`, `updated_at`) VALUES ('16', '16', '222', 'Natus ratione quod magni exercitationem in explicabo. Aut doloremque fugiat ut optio. Officia sunt consequatur incidunt reprehenderit aut molestias ut. Corrupti assumenda ea tenetur mollitia doloremque deleniti.', 'hic', 0, NULL, '1972-07-25 23:38:42', '2019-01-23 17:21:41');
INSERT INTO `media` (`id`, `media_type_id`, `user_id`, `body`, `filename`, `size`, `metadata`, `created_at`, `updated_at`) VALUES ('17', '17', '227', 'Recusandae illum ea ratione soluta illum voluptates dolorem odit. Facilis eaque voluptas eos. Molestias eius beatae repellat consequatur. Laudantium est id et laboriosam.', 'architecto', 5919, NULL, '1975-07-06 21:44:05', '2002-04-16 10:30:53');
INSERT INTO `media` (`id`, `media_type_id`, `user_id`, `body`, `filename`, `size`, `metadata`, `created_at`, `updated_at`) VALUES ('18', '18', '228', 'Neque optio quasi autem et quia ut sed placeat. Et ullam voluptas quae accusantium. Omnis occaecati omnis ipsum laboriosam. Numquam temporibus illum sed voluptate suscipit ut amet maiores.', 'et', 976, NULL, '2006-01-05 20:22:47', '2006-07-17 10:14:58');
INSERT INTO `media` (`id`, `media_type_id`, `user_id`, `body`, `filename`, `size`, `metadata`, `created_at`, `updated_at`) VALUES ('19', '19', '230', 'Ut eos consequuntur nulla ducimus fuga tempora in. In eveniet eligendi cumque nam. Ut delectus reiciendis alias minima.', 'sed', 8281293, NULL, '2000-04-05 18:06:14', '1984-07-23 10:13:56');
INSERT INTO `media` (`id`, `media_type_id`, `user_id`, `body`, `filename`, `size`, `metadata`, `created_at`, `updated_at`) VALUES ('20', '20', '231', 'Reprehenderit accusamus dignissimos dolorem nesciunt et. Minima reprehenderit beatae commodi illum. Similique quia molestiae quis impedit quo nihil eos.', 'hic', 319083899, NULL, '1983-09-08 09:05:57', '1990-08-28 10:43:39');
INSERT INTO `media` (`id`, `media_type_id`, `user_id`, `body`, `filename`, `size`, `metadata`, `created_at`, `updated_at`) VALUES ('21', '21', '235', 'Dolores et aut rem et eligendi. Ut architecto quia nostrum vel nihil aliquid. Voluptatum id minima omnis ullam velit possimus ut. Corrupti sed quia qui amet.', 'fugiat', 92, NULL, '1994-03-10 00:20:54', '1997-06-07 17:50:47');
INSERT INTO `media` (`id`, `media_type_id`, `user_id`, `body`, `filename`, `size`, `metadata`, `created_at`, `updated_at`) VALUES ('22', '22', '236', 'Aut modi vitae mollitia sed sequi. Ut dolor totam dolorem accusantium. Aut atque sit non mollitia neque.', 'iste', 5187609, NULL, '2014-07-03 03:32:56', '2001-12-27 20:07:38');
INSERT INTO `media` (`id`, `media_type_id`, `user_id`, `body`, `filename`, `size`, `metadata`, `created_at`, `updated_at`) VALUES ('23', '23', '239', 'Voluptatem corrupti quia exercitationem ullam. Et eius ut nesciunt non at unde ipsa. Quaerat enim totam minima sit.', 'corrupti', 60928231, NULL, '1995-04-26 12:17:45', '1979-01-30 11:36:25');
INSERT INTO `media` (`id`, `media_type_id`, `user_id`, `body`, `filename`, `size`, `metadata`, `created_at`, `updated_at`) VALUES ('24', '24', '240', 'Illo eius iure architecto ipsam odit beatae. Commodi iusto autem magnam eaque rerum labore dolores. Sed hic ut exercitationem et aperiam et beatae.', 'quidem', 92626032, NULL, '1984-08-20 07:44:41', '1995-07-07 17:26:48');
INSERT INTO `media` (`id`, `media_type_id`, `user_id`, `body`, `filename`, `size`, `metadata`, `created_at`, `updated_at`) VALUES ('25', '25', '241', 'Vel laudantium quae vitae deleniti recusandae. Doloremque maiores eum reprehenderit esse nostrum facere. Cupiditate ea aut et omnis.', 'id', 97857, NULL, '2013-01-24 03:53:56', '1982-09-27 19:51:19');
INSERT INTO `media` (`id`, `media_type_id`, `user_id`, `body`, `filename`, `size`, `metadata`, `created_at`, `updated_at`) VALUES ('26', '26', '243', 'Veritatis quis perspiciatis sint accusamus. Dicta ullam sit debitis explicabo voluptas eum impedit est. Est modi quia ea architecto nihil voluptas.', 'dolor', 0, NULL, '1997-11-19 14:28:52', '2019-05-17 01:13:34');
INSERT INTO `media` (`id`, `media_type_id`, `user_id`, `body`, `filename`, `size`, `metadata`, `created_at`, `updated_at`) VALUES ('27', '27', '245', 'Est molestiae est adipisci et. Odit quo optio est aliquam mollitia accusantium.', 'est', 88, NULL, '2017-12-16 16:55:15', '1983-05-01 11:15:44');
INSERT INTO `media` (`id`, `media_type_id`, `user_id`, `body`, `filename`, `size`, `metadata`, `created_at`, `updated_at`) VALUES ('28', '28', '246', 'Reprehenderit expedita eum amet. Autem possimus debitis qui ad ut rerum harum. Consequuntur maiores voluptatibus accusamus voluptatibus et ab enim. Et omnis et id non quibusdam ex recusandae.', 'qui', 959332896, NULL, '1982-01-12 16:23:28', '2004-03-22 09:29:41');
INSERT INTO `media` (`id`, `media_type_id`, `user_id`, `body`, `filename`, `size`, `metadata`, `created_at`, `updated_at`) VALUES ('29', '29', '247', 'Deleniti porro porro dolor eligendi omnis provident fuga. Corrupti veritatis ut veritatis corrupti deserunt nihil. Nulla nihil labore nulla officiis nesciunt. Qui quibusdam earum aut illum tenetur voluptatibus libero.', 'dolor', 243442, NULL, '2006-10-16 16:08:17', '2018-04-21 18:13:26');
INSERT INTO `media` (`id`, `media_type_id`, `user_id`, `body`, `filename`, `size`, `metadata`, `created_at`, `updated_at`) VALUES ('30', '30', '248', 'Et beatae at repellat nostrum voluptas et. Vero accusantium quidem tenetur. Id praesentium molestiae perspiciatis incidunt. Ea at aspernatur eius dolor facilis molestiae.', 'at', 922258, NULL, '2016-06-15 00:00:16', '1990-05-01 21:58:10');
INSERT INTO `media` (`id`, `media_type_id`, `user_id`, `body`, `filename`, `size`, `metadata`, `created_at`, `updated_at`) VALUES ('31', '31', '249', 'Consequuntur reiciendis est doloremque sit voluptatem aut non. Possimus corrupti debitis dolor distinctio. Magnam ex provident in quibusdam. Sed et quos labore voluptate hic et nobis.', 'ipsa', 33, NULL, '2021-02-16 13:52:50', '1990-11-03 17:58:26');
INSERT INTO `media` (`id`, `media_type_id`, `user_id`, `body`, `filename`, `size`, `metadata`, `created_at`, `updated_at`) VALUES ('32', '32', '250', 'Quis quia sunt illum quam hic distinctio. Eos et sint in aspernatur. Aliquid molestiae numquam ex molestias sed. Iste enim quo deserunt delectus amet quia voluptatum. Occaecati qui odio repellat molestiae.', 'laudantium', 74218, NULL, '2015-07-30 22:32:31', '1970-09-01 06:44:48');
INSERT INTO `media` (`id`, `media_type_id`, `user_id`, `body`, `filename`, `size`, `metadata`, `created_at`, `updated_at`) VALUES ('33', '33', '253', 'Aspernatur ut qui ab voluptates id corrupti illo. Sunt praesentium fugit est aperiam. Quidem laudantium laudantium velit nobis. Voluptatem doloremque sit nisi harum totam dolores sed sint.', 'voluptas', 927454, NULL, '1976-05-01 13:19:58', '1980-10-04 21:43:13');
INSERT INTO `media` (`id`, `media_type_id`, `user_id`, `body`, `filename`, `size`, `metadata`, `created_at`, `updated_at`) VALUES ('34', '34', '254', 'Recusandae ullam unde a eum voluptas magni. Aliquam necessitatibus voluptatem minus modi. Voluptatum omnis dolor dolores incidunt.', 'ducimus', 238117, NULL, '2016-06-28 18:17:23', '2007-12-06 09:29:35');
INSERT INTO `media` (`id`, `media_type_id`, `user_id`, `body`, `filename`, `size`, `metadata`, `created_at`, `updated_at`) VALUES ('35', '35', '255', 'Est ut et nisi rem cum. Id id facere officiis nulla deserunt nihil. Vel adipisci cupiditate voluptatum aut nihil repudiandae.', 'officia', 889, NULL, '1982-06-05 02:12:42', '2020-05-02 10:14:11');
INSERT INTO `media` (`id`, `media_type_id`, `user_id`, `body`, `filename`, `size`, `metadata`, `created_at`, `updated_at`) VALUES ('36', '36', '257', 'Eaque id ut harum ut est. Ut enim in est. Est optio sapiente nisi qui deleniti quia. Voluptatum blanditiis accusamus quas nulla sed amet est ea.', 'repellendus', 69420, NULL, '2017-09-26 08:04:53', '2017-01-29 04:40:12');
INSERT INTO `media` (`id`, `media_type_id`, `user_id`, `body`, `filename`, `size`, `metadata`, `created_at`, `updated_at`) VALUES ('37', '37', '258', 'Nostrum sint qui animi omnis quis et ea. Optio corporis saepe atque sequi quod officiis dolores. Laborum et sed in consectetur officia nihil deleniti. Libero mollitia perspiciatis dolor et accusantium hic laborum id.', 'autem', 7491, NULL, '1990-08-20 16:41:09', '2013-09-23 07:57:30');
INSERT INTO `media` (`id`, `media_type_id`, `user_id`, `body`, `filename`, `size`, `metadata`, `created_at`, `updated_at`) VALUES ('38', '38', '259', 'Ea ut accusamus earum dolorem quia sit. Cupiditate perferendis consequuntur dolor suscipit ut eos ut explicabo. Cumque ad deleniti in unde veritatis est numquam. Dolorem architecto accusantium sit commodi harum.', 'reiciendis', 5195, NULL, '2005-08-24 01:01:20', '1991-09-10 13:12:27');
INSERT INTO `media` (`id`, `media_type_id`, `user_id`, `body`, `filename`, `size`, `metadata`, `created_at`, `updated_at`) VALUES ('39', '39', '260', 'Dolore vitae quae dolores quo. Eaque cum non quia quia. Temporibus debitis neque aut eum quis distinctio quidem. Voluptas quis et et.', 'quia', 956064, NULL, '1973-02-16 17:17:18', '2001-11-29 21:49:08');
INSERT INTO `media` (`id`, `media_type_id`, `user_id`, `body`, `filename`, `size`, `metadata`, `created_at`, `updated_at`) VALUES ('40', '40', '261', 'Est non corporis natus incidunt nesciunt perferendis dignissimos eum. Consequatur adipisci et expedita fugit officiis molestiae. Laboriosam et minus ut repellat impedit quaerat laborum rerum. Illum quia enim quasi in quas mollitia.', 'ipsam', 4579325, NULL, '1974-08-10 16:50:53', '1972-01-07 01:02:26');
INSERT INTO `media` (`id`, `media_type_id`, `user_id`, `body`, `filename`, `size`, `metadata`, `created_at`, `updated_at`) VALUES ('41', '41', '262', 'Dolorum aut molestias quia natus laudantium eaque minus. Ut possimus quos sapiente est consequatur.', 'modi', 58934, NULL, '1993-11-24 02:44:12', '2012-03-04 14:27:56');
INSERT INTO `media` (`id`, `media_type_id`, `user_id`, `body`, `filename`, `size`, `metadata`, `created_at`, `updated_at`) VALUES ('42', '42', '263', 'Eligendi eum recusandae ut sequi est. Consequatur vel iste veniam molestiae. Explicabo qui fugiat eaque et quidem nesciunt pariatur. Voluptatem enim iusto nihil esse.', 'omnis', 125935950, NULL, '2006-02-04 11:59:28', '2004-05-04 20:56:29');
INSERT INTO `media` (`id`, `media_type_id`, `user_id`, `body`, `filename`, `size`, `metadata`, `created_at`, `updated_at`) VALUES ('43', '43', '265', 'Consectetur qui suscipit impedit minus est. Sit sunt aut officiis omnis eveniet autem quia. Quia sit ea dolores quibusdam ab beatae aliquam voluptatem.', 'fuga', 2945262, NULL, '1992-02-21 09:16:32', '2010-03-04 05:14:12');
INSERT INTO `media` (`id`, `media_type_id`, `user_id`, `body`, `filename`, `size`, `metadata`, `created_at`, `updated_at`) VALUES ('44', '44', '266', 'Neque dicta voluptas sed natus nobis repellat et. Ratione cupiditate dolore nihil eum dolor doloremque vero. Sit dolorem consequatur numquam commodi ea. Maiores debitis aperiam laborum magni dolores explicabo magni.', 'et', 7682110, NULL, '2009-02-14 06:17:56', '1970-03-19 05:35:21');
INSERT INTO `media` (`id`, `media_type_id`, `user_id`, `body`, `filename`, `size`, `metadata`, `created_at`, `updated_at`) VALUES ('45', '45', '268', 'Nulla optio qui ad eligendi debitis eius ut. Et pariatur cupiditate est eos et culpa. Deserunt eligendi mollitia quaerat iste temporibus dicta. Sed ipsum incidunt error placeat.', 'eius', 59, NULL, '1988-06-14 07:48:29', '2011-06-20 02:42:22');
INSERT INTO `media` (`id`, `media_type_id`, `user_id`, `body`, `filename`, `size`, `metadata`, `created_at`, `updated_at`) VALUES ('46', '46', '269', 'Sit hic consequatur dolorem consequatur ea. Sit repellat itaque dolore error tenetur praesentium. Optio eos ipsa animi sed aut.', 'explicabo', 4, NULL, '1975-01-02 22:48:48', '1995-06-07 21:37:38');
INSERT INTO `media` (`id`, `media_type_id`, `user_id`, `body`, `filename`, `size`, `metadata`, `created_at`, `updated_at`) VALUES ('47', '47', '270', 'Aut corrupti sint minima suscipit. In distinctio veritatis omnis et velit et sunt. Temporibus tenetur autem commodi blanditiis delectus repellat.', 'id', 7279535, NULL, '1984-12-14 14:04:35', '1981-12-30 10:10:32');
INSERT INTO `media` (`id`, `media_type_id`, `user_id`, `body`, `filename`, `size`, `metadata`, `created_at`, `updated_at`) VALUES ('48', '48', '271', 'Et ut dolor qui iusto distinctio. Reiciendis excepturi est illum illum minus ut voluptatibus suscipit. Nihil eius nam et doloremque distinctio beatae. Molestiae cupiditate facilis nisi nemo quasi quos.', 'minima', 685, NULL, '1983-09-03 17:17:51', '2002-09-05 23:13:56');
INSERT INTO `media` (`id`, `media_type_id`, `user_id`, `body`, `filename`, `size`, `metadata`, `created_at`, `updated_at`) VALUES ('49', '49', '273', 'Incidunt iste quidem et quos ea qui. Minima perspiciatis quaerat eius harum error. Ut voluptatem ipsam officiis amet. Itaque commodi voluptatibus aut iste quam.', 'adipisci', 78897, NULL, '2013-03-03 21:15:23', '1980-10-21 12:10:38');
INSERT INTO `media` (`id`, `media_type_id`, `user_id`, `body`, `filename`, `size`, `metadata`, `created_at`, `updated_at`) VALUES ('50', '50', '275', 'Excepturi omnis odio est et itaque aspernatur natus. Officia maxime est ab neque dolor commodi ex. Neque reiciendis tenetur suscipit ex tempora nobis. Voluptas non excepturi quasi aperiam et est.', 'nihil', 98209, NULL, '1972-01-08 16:08:11', '2009-12-09 15:35:53');
INSERT INTO `media` (`id`, `media_type_id`, `user_id`, `body`, `filename`, `size`, `metadata`, `created_at`, `updated_at`) VALUES ('51', '51', '277', 'Nesciunt maiores totam aspernatur aut. Necessitatibus et et at. Omnis quia aut ad aliquid perspiciatis atque. Iste aut sequi eaque earum tempore sit.', 'debitis', 51, NULL, '1976-07-18 07:32:19', '1991-06-29 22:32:09');
INSERT INTO `media` (`id`, `media_type_id`, `user_id`, `body`, `filename`, `size`, `metadata`, `created_at`, `updated_at`) VALUES ('52', '52', '278', 'Sunt ex dolorem reprehenderit odio blanditiis est. Voluptates eaque et quae aut voluptatem adipisci. Porro dicta aliquam debitis culpa voluptas numquam sapiente neque.', 'ea', 82104, NULL, '1984-11-21 23:55:00', '1988-05-25 15:50:10');
INSERT INTO `media` (`id`, `media_type_id`, `user_id`, `body`, `filename`, `size`, `metadata`, `created_at`, `updated_at`) VALUES ('53', '53', '279', 'Sequi esse qui expedita dolorem culpa hic. Vel aspernatur dicta esse ratione temporibus sint maxime. Quaerat repellat aspernatur eos ea. Sint culpa necessitatibus quia in.', 'fuga', 214837964, NULL, '2010-05-30 03:45:11', '2011-04-11 08:47:05');
INSERT INTO `media` (`id`, `media_type_id`, `user_id`, `body`, `filename`, `size`, `metadata`, `created_at`, `updated_at`) VALUES ('54', '54', '280', 'Quis facilis est hic numquam. Porro ut quia neque quae enim. Nemo soluta quis iste.', 'quo', 420100, NULL, '2006-03-09 11:36:57', '1989-10-20 04:59:19');
INSERT INTO `media` (`id`, `media_type_id`, `user_id`, `body`, `filename`, `size`, `metadata`, `created_at`, `updated_at`) VALUES ('55', '55', '283', 'Consectetur neque quia illo dicta architecto corporis incidunt. Commodi rerum porro alias ducimus qui iusto nihil consequuntur. Ut molestiae recusandae atque ea eveniet ea fuga. Aspernatur explicabo aut nihil. Voluptatum maiores quia commodi aut.', 'amet', 866779291, NULL, '1996-09-17 22:54:54', '1978-05-17 18:54:50');
INSERT INTO `media` (`id`, `media_type_id`, `user_id`, `body`, `filename`, `size`, `metadata`, `created_at`, `updated_at`) VALUES ('56', '56', '284', 'Amet aliquid deleniti nulla nostrum autem eligendi. Incidunt qui quidem accusantium eos et libero beatae. Necessitatibus magnam harum illo quasi. Dignissimos consequatur est quisquam vero quasi aut.', 'dolores', 49, NULL, '2006-11-28 11:19:22', '1998-08-12 00:54:34');
INSERT INTO `media` (`id`, `media_type_id`, `user_id`, `body`, `filename`, `size`, `metadata`, `created_at`, `updated_at`) VALUES ('57', '57', '285', 'Soluta sed autem quisquam et. Aut omnis quis esse qui. Quasi soluta ipsa quidem minima iusto ut et et. Ipsam sapiente et commodi et voluptas tenetur tempora illo.', 'omnis', 6, NULL, '1975-10-13 00:33:19', '2010-01-04 04:48:01');
INSERT INTO `media` (`id`, `media_type_id`, `user_id`, `body`, `filename`, `size`, `metadata`, `created_at`, `updated_at`) VALUES ('58', '58', '287', 'Ipsam voluptatem consectetur atque minima nostrum suscipit. Sed sit numquam est veniam praesentium porro sed. Aut corporis velit asperiores quia aspernatur.', 'omnis', 5747709, NULL, '2011-06-25 06:57:22', '1995-11-30 15:20:36');
INSERT INTO `media` (`id`, `media_type_id`, `user_id`, `body`, `filename`, `size`, `metadata`, `created_at`, `updated_at`) VALUES ('59', '59', '292', 'Aliquid dicta voluptates dolorem aut a. Ut vero sed ducimus exercitationem sint enim. Corrupti ut qui eligendi sunt.', 'officiis', 856300, NULL, '1970-10-18 13:29:02', '2006-08-13 05:50:52');
INSERT INTO `media` (`id`, `media_type_id`, `user_id`, `body`, `filename`, `size`, `metadata`, `created_at`, `updated_at`) VALUES ('60', '60', '296', 'Cupiditate vel eligendi earum mollitia est vel eligendi. Magni dolore quos voluptatem eos labore esse. Non quo repellat et quia quisquam ex.', 'laboriosam', 90585205, NULL, '2008-02-05 20:57:51', '1989-05-30 15:29:35');
INSERT INTO `media` (`id`, `media_type_id`, `user_id`, `body`, `filename`, `size`, `metadata`, `created_at`, `updated_at`) VALUES ('61', '61', '297', 'Mollitia aut iste optio et praesentium magni. Voluptatibus ratione quo est occaecati velit ut. Ab quia alias ut eos tempora et. Omnis esse quisquam et enim voluptatum. In sit reprehenderit sequi voluptatem.', 'atque', 14010, NULL, '2018-01-18 02:25:29', '2020-02-11 20:07:11');
INSERT INTO `media` (`id`, `media_type_id`, `user_id`, `body`, `filename`, `size`, `metadata`, `created_at`, `updated_at`) VALUES ('62', '62', '298', 'Sed quasi sed esse expedita alias autem. Facere voluptas ea voluptas libero qui quasi quia veniam.', 'aut', 8988, NULL, '2006-09-01 21:20:10', '2005-06-29 00:05:07');
INSERT INTO `media` (`id`, `media_type_id`, `user_id`, `body`, `filename`, `size`, `metadata`, `created_at`, `updated_at`) VALUES ('63', '63', '301', 'Quaerat qui animi consectetur enim. Deleniti vitae ut velit ipsa doloribus iusto qui et. Facere quibusdam aut itaque incidunt sit voluptatum.', 'qui', 39966053, NULL, '2009-04-01 04:19:10', '1981-11-04 07:52:05');
INSERT INTO `media` (`id`, `media_type_id`, `user_id`, `body`, `filename`, `size`, `metadata`, `created_at`, `updated_at`) VALUES ('64', '64', '302', 'Recusandae eum deleniti dolores dicta quod esse. Id asperiores omnis ipsa. Reprehenderit ea explicabo iste alias asperiores magni. Perspiciatis asperiores ut itaque.', 'et', 52, NULL, '2016-07-27 08:33:13', '1988-08-09 19:48:22');
INSERT INTO `media` (`id`, `media_type_id`, `user_id`, `body`, `filename`, `size`, `metadata`, `created_at`, `updated_at`) VALUES ('65', '65', '305', 'Soluta delectus ut sed consequuntur voluptates temporibus facilis eaque. Facilis earum cumque ab omnis. Et ea ad praesentium quae molestiae dolorem occaecati. Et ex tempore totam odio. Quia labore sequi soluta magnam sed voluptates laboriosam.', 'hic', 207, NULL, '1973-06-02 02:31:06', '1998-08-16 16:32:02');
INSERT INTO `media` (`id`, `media_type_id`, `user_id`, `body`, `filename`, `size`, `metadata`, `created_at`, `updated_at`) VALUES ('66', '66', '307', 'Nam vitae vitae natus recusandae cumque commodi aperiam. Minima sit praesentium quia ipsa minus veritatis. Rerum beatae sunt molestias et expedita.', 'reprehenderit', 0, NULL, '2019-01-17 13:24:45', '1999-09-16 04:44:19');
INSERT INTO `media` (`id`, `media_type_id`, `user_id`, `body`, `filename`, `size`, `metadata`, `created_at`, `updated_at`) VALUES ('67', '67', '310', 'Dolorem necessitatibus dicta molestiae ratione in ut eum. Voluptatem reiciendis nam blanditiis aliquid nihil eius. Natus quo dolorem deserunt facilis aliquid.', 'voluptate', 125477835, NULL, '1999-07-16 00:01:43', '2017-07-30 18:48:31');
INSERT INTO `media` (`id`, `media_type_id`, `user_id`, `body`, `filename`, `size`, `metadata`, `created_at`, `updated_at`) VALUES ('68', '68', '312', 'Vel quia ut rerum soluta qui eos. Fugiat repudiandae deleniti est autem. Molestias est nostrum officia aut. Commodi suscipit voluptatem dicta unde.', 'fugit', 8, NULL, '1981-06-11 01:45:09', '2000-08-01 12:14:10');
INSERT INTO `media` (`id`, `media_type_id`, `user_id`, `body`, `filename`, `size`, `metadata`, `created_at`, `updated_at`) VALUES ('69', '69', '313', 'Non quam ipsam facilis veniam. Corporis iste eum voluptate suscipit laudantium natus delectus. Impedit et non consequatur optio id expedita eligendi consequatur. Non debitis qui qui vero corporis.', 'blanditiis', 906318824, NULL, '2014-01-09 14:24:36', '2012-01-04 15:26:14');
INSERT INTO `media` (`id`, `media_type_id`, `user_id`, `body`, `filename`, `size`, `metadata`, `created_at`, `updated_at`) VALUES ('70', '70', '316', 'Quibusdam aut et aperiam velit corporis. Et libero sint totam officiis. Repellat esse tempore distinctio quidem voluptatibus. Et quia nobis est vitae in quaerat sunt consequatur.', 'laborum', 591412725, NULL, '1983-09-29 03:44:48', '2011-03-10 14:32:45');
INSERT INTO `media` (`id`, `media_type_id`, `user_id`, `body`, `filename`, `size`, `metadata`, `created_at`, `updated_at`) VALUES ('71', '71', '317', 'Laboriosam praesentium ullam repellat rem aut ut quam ducimus. Ut libero eveniet sed tempore. Sit inventore sed ipsa blanditiis dicta sed. Incidunt voluptatem molestiae animi est eveniet aliquam.', 'impedit', 0, NULL, '1981-10-21 15:38:46', '1976-09-02 00:14:11');
INSERT INTO `media` (`id`, `media_type_id`, `user_id`, `body`, `filename`, `size`, `metadata`, `created_at`, `updated_at`) VALUES ('72', '72', '318', 'Blanditiis placeat quaerat non laboriosam sed illum consequatur. Dolor inventore impedit voluptas explicabo.', 'temporibus', 526987907, NULL, '1986-11-09 10:08:00', '2001-09-18 22:38:36');
INSERT INTO `media` (`id`, `media_type_id`, `user_id`, `body`, `filename`, `size`, `metadata`, `created_at`, `updated_at`) VALUES ('73', '73', '319', 'Aut natus molestiae ut voluptatum cumque reiciendis. Cupiditate quia cupiditate quo. Nisi delectus aliquam sed architecto molestiae quam.', 'eum', 0, NULL, '1987-11-03 09:45:12', '1982-01-19 02:00:00');
INSERT INTO `media` (`id`, `media_type_id`, `user_id`, `body`, `filename`, `size`, `metadata`, `created_at`, `updated_at`) VALUES ('74', '74', '320', 'Voluptatum repellat illo minus laboriosam facere exercitationem. Doloribus et enim illum dolorem sequi at error enim. Delectus ratione ut adipisci et quis veniam.', 'rerum', 7695170, NULL, '2000-02-02 21:28:11', '1991-02-19 07:11:45');
INSERT INTO `media` (`id`, `media_type_id`, `user_id`, `body`, `filename`, `size`, `metadata`, `created_at`, `updated_at`) VALUES ('75', '75', '322', 'Quis enim vitae a aut ipsa. Dolorem doloribus est odio quod ipsum nemo.', 'nobis', 1, NULL, '1978-01-14 23:33:45', '1993-02-01 01:21:17');
INSERT INTO `media` (`id`, `media_type_id`, `user_id`, `body`, `filename`, `size`, `metadata`, `created_at`, `updated_at`) VALUES ('76', '76', '325', 'Rem corporis fugiat et quam consequatur. Dolorem eum omnis provident. Nobis id quas nostrum qui. Nostrum itaque quis consequatur.', 'qui', 7432696, NULL, '2006-10-26 05:59:20', '2016-10-08 09:41:21');
INSERT INTO `media` (`id`, `media_type_id`, `user_id`, `body`, `filename`, `size`, `metadata`, `created_at`, `updated_at`) VALUES ('77', '77', '326', 'Rerum reprehenderit ipsam minima ut consequuntur incidunt. Labore neque neque dolore qui. Suscipit dolor nihil amet sunt maiores enim provident. Quasi soluta nihil ea iure.', 'odit', 699239, NULL, '1993-10-30 13:51:36', '1999-02-19 20:28:33');
INSERT INTO `media` (`id`, `media_type_id`, `user_id`, `body`, `filename`, `size`, `metadata`, `created_at`, `updated_at`) VALUES ('78', '78', '329', 'Iste facere maiores qui repellat eius fuga sed. Maiores tempora sed facilis quia ab quia. Architecto illum laborum tenetur maxime nihil.', 'asperiores', 4001103, NULL, '1999-10-18 16:24:27', '1980-08-06 07:40:06');
INSERT INTO `media` (`id`, `media_type_id`, `user_id`, `body`, `filename`, `size`, `metadata`, `created_at`, `updated_at`) VALUES ('79', '79', '330', 'Et a possimus deserunt corporis in nostrum. Nesciunt et voluptatibus atque eaque. Et velit nemo eius omnis voluptatibus dolores quia eos.', 'repellat', 3760, NULL, '2003-05-28 18:56:50', '1998-10-02 19:47:54');
INSERT INTO `media` (`id`, `media_type_id`, `user_id`, `body`, `filename`, `size`, `metadata`, `created_at`, `updated_at`) VALUES ('80', '80', '331', 'Vitae similique eveniet non unde at exercitationem sed veniam. Alias officia reiciendis sit quia. Distinctio magnam et reprehenderit suscipit. Rem ab dolor ipsam quo.', 'laudantium', 418, NULL, '1975-01-14 12:25:06', '1987-12-10 06:57:50');
INSERT INTO `media` (`id`, `media_type_id`, `user_id`, `body`, `filename`, `size`, `metadata`, `created_at`, `updated_at`) VALUES ('81', '81', '332', 'Odit veritatis neque et dolores accusamus vel culpa. Autem voluptatem quia est vel. Et laudantium tenetur numquam necessitatibus et. Neque voluptas molestiae cupiditate.', 'ut', 196826, NULL, '1996-01-01 09:27:34', '1995-02-26 02:27:04');
INSERT INTO `media` (`id`, `media_type_id`, `user_id`, `body`, `filename`, `size`, `metadata`, `created_at`, `updated_at`) VALUES ('82', '82', '333', 'Itaque maxime hic est laboriosam dignissimos ut quas consequatur. Corporis id et ex eos perspiciatis. Voluptatem consequatur suscipit in quisquam magnam ut. Aliquam exercitationem recusandae sit nisi temporibus quia.', 'eos', 72, NULL, '2017-01-15 18:45:06', '2005-05-28 20:49:04');
INSERT INTO `media` (`id`, `media_type_id`, `user_id`, `body`, `filename`, `size`, `metadata`, `created_at`, `updated_at`) VALUES ('83', '83', '334', 'Consequatur deleniti ut aliquid aut. Voluptate tenetur voluptatem dolor quisquam quasi ab amet.', 'praesentium', 0, NULL, '2018-10-28 11:09:21', '1987-04-14 09:00:00');
INSERT INTO `media` (`id`, `media_type_id`, `user_id`, `body`, `filename`, `size`, `metadata`, `created_at`, `updated_at`) VALUES ('84', '84', '335', 'Repellat iste est ut sunt. Autem aut voluptas asperiores aut. Quam beatae voluptatum sunt voluptatibus consequatur cum. Eum tenetur deleniti voluptas beatae et beatae.', 'amet', 74707701, NULL, '1986-07-20 07:51:13', '2019-10-30 04:06:52');
INSERT INTO `media` (`id`, `media_type_id`, `user_id`, `body`, `filename`, `size`, `metadata`, `created_at`, `updated_at`) VALUES ('85', '85', '337', 'Ut officia saepe commodi quia in. Veniam quidem molestiae excepturi id tempore aut deleniti.', 'aspernatur', 3819519, NULL, '1970-08-23 03:54:52', '1989-01-23 03:51:18');
INSERT INTO `media` (`id`, `media_type_id`, `user_id`, `body`, `filename`, `size`, `metadata`, `created_at`, `updated_at`) VALUES ('86', '86', '340', 'Autem placeat modi beatae enim quisquam animi eos. Minima rem veritatis rerum temporibus voluptas fugiat unde. Deleniti beatae architecto est magni laborum. Ea molestias et nisi impedit iure. Voluptas tempora est velit sit ut deleniti voluptas.', 'rerum', 50788622, NULL, '1993-12-10 02:32:07', '1989-09-25 13:20:58');
INSERT INTO `media` (`id`, `media_type_id`, `user_id`, `body`, `filename`, `size`, `metadata`, `created_at`, `updated_at`) VALUES ('87', '87', '341', 'Commodi magni voluptatibus incidunt autem libero vero eaque. At rem et hic voluptas minus earum. Facilis dolorum soluta commodi a.', 'sint', 831151, NULL, '2008-07-17 23:17:20', '1978-01-23 10:08:35');
INSERT INTO `media` (`id`, `media_type_id`, `user_id`, `body`, `filename`, `size`, `metadata`, `created_at`, `updated_at`) VALUES ('88', '88', '347', 'Tenetur et sunt tenetur nihil nesciunt quod. Quis velit a dolorem incidunt dicta. Minus error perspiciatis commodi. Architecto vero id modi vel exercitationem.', 'id', 9767, NULL, '1994-04-11 15:07:26', '2012-11-02 02:43:16');
INSERT INTO `media` (`id`, `media_type_id`, `user_id`, `body`, `filename`, `size`, `metadata`, `created_at`, `updated_at`) VALUES ('89', '89', '351', 'Explicabo aut expedita repellendus sed deserunt est dolorum. Sequi rerum natus alias aliquam modi numquam est. Et neque perspiciatis totam facilis fuga neque incidunt.', 'voluptatem', 723, NULL, '1974-06-27 16:25:17', '2020-12-17 06:18:50');
INSERT INTO `media` (`id`, `media_type_id`, `user_id`, `body`, `filename`, `size`, `metadata`, `created_at`, `updated_at`) VALUES ('90', '90', '353', 'Ad qui ipsam ipsa. Sed voluptatibus et sed quo blanditiis nihil error. Occaecati ea officiis consequuntur nesciunt nam dignissimos quasi.', 'nemo', 810833, NULL, '1990-07-03 12:01:50', '2019-10-15 16:27:22');
INSERT INTO `media` (`id`, `media_type_id`, `user_id`, `body`, `filename`, `size`, `metadata`, `created_at`, `updated_at`) VALUES ('91', '91', '357', 'Dolore beatae alias odio sed quos voluptatem vero. Quo quo sunt sed molestias et. Sit est reiciendis explicabo minima animi impedit non.', 'reiciendis', 5, NULL, '1984-01-25 15:54:41', '2015-03-09 01:20:40');
INSERT INTO `media` (`id`, `media_type_id`, `user_id`, `body`, `filename`, `size`, `metadata`, `created_at`, `updated_at`) VALUES ('92', '92', '359', 'Sint aut ipsa qui consequatur. Maxime vel voluptate ut amet aut aut repudiandae. Debitis nesciunt qui et.', 'a', 3, NULL, '1997-08-03 20:33:42', '2015-10-02 15:17:47');
INSERT INTO `media` (`id`, `media_type_id`, `user_id`, `body`, `filename`, `size`, `metadata`, `created_at`, `updated_at`) VALUES ('93', '93', '360', 'Dolorem in et dolores. Quis tempora dignissimos ea voluptas esse sed. In et at nam consequuntur aspernatur vero molestiae.', 'quod', 74514260, NULL, '1995-10-03 15:16:08', '1991-08-06 13:20:52');
INSERT INTO `media` (`id`, `media_type_id`, `user_id`, `body`, `filename`, `size`, `metadata`, `created_at`, `updated_at`) VALUES ('94', '94', '362', 'Molestiae omnis earum amet sit cupiditate et voluptatem. Vel at voluptatem dolorum sint incidunt. Libero temporibus qui sint assumenda consequatur. Delectus est porro velit mollitia numquam facilis.', 'eos', 90490136, NULL, '1972-01-21 23:06:36', '2011-12-14 04:23:04');
INSERT INTO `media` (`id`, `media_type_id`, `user_id`, `body`, `filename`, `size`, `metadata`, `created_at`, `updated_at`) VALUES ('95', '95', '363', 'Porro illo occaecati cupiditate qui consequatur blanditiis culpa. Laudantium culpa id voluptatem eveniet sit est. Neque consequatur officia qui.', 'eum', 438955324, NULL, '2017-06-02 12:16:48', '1971-11-29 16:26:07');
INSERT INTO `media` (`id`, `media_type_id`, `user_id`, `body`, `filename`, `size`, `metadata`, `created_at`, `updated_at`) VALUES ('96', '96', '364', 'Voluptatem qui blanditiis error est repellat architecto. Excepturi neque praesentium quae est exercitationem quod quaerat quibusdam. Quo voluptatibus quia officia qui neque deserunt. Molestiae officia maxime ab.', 'minus', 7859067, NULL, '1970-11-20 16:12:59', '1983-08-01 23:47:35');
INSERT INTO `media` (`id`, `media_type_id`, `user_id`, `body`, `filename`, `size`, `metadata`, `created_at`, `updated_at`) VALUES ('97', '97', '365', 'Repudiandae voluptas quidem nostrum aperiam culpa vel. Itaque laborum vitae sunt labore beatae placeat. Fugiat eum quam nulla.', 'impedit', 80746234, NULL, '1987-11-22 11:29:23', '2005-09-12 09:21:18');
INSERT INTO `media` (`id`, `media_type_id`, `user_id`, `body`, `filename`, `size`, `metadata`, `created_at`, `updated_at`) VALUES ('98', '98', '367', 'Repudiandae dignissimos repellendus dolores porro veritatis consequatur vel. Qui mollitia alias repellendus enim. Ipsa in quibusdam omnis itaque illum eum. Odit enim maiores ex assumenda illum rerum.', 'nihil', 3541778, NULL, '2019-05-31 23:50:45', '1998-09-05 13:02:06');
INSERT INTO `media` (`id`, `media_type_id`, `user_id`, `body`, `filename`, `size`, `metadata`, `created_at`, `updated_at`) VALUES ('99', '99', '368', 'Ab sint eos inventore possimus. Iure quisquam omnis suscipit tempora aut nostrum. Ut et eos qui libero id et. Ipsa in dolore sed accusamus labore saepe. Repellendus beatae libero aut a suscipit.', 'consequuntur', 15, NULL, '2004-10-07 20:32:12', '1985-03-06 15:34:23');
INSERT INTO `media` (`id`, `media_type_id`, `user_id`, `body`, `filename`, `size`, `metadata`, `created_at`, `updated_at`) VALUES ('100', '100', '372', 'Beatae enim doloribus modi. Tempore quasi sequi aut eos repellendus quae.', 'quisquam', 301009, NULL, '2002-05-25 05:39:47', '1983-02-08 12:56:56');


#
# TABLE STRUCTURE FOR: media_types
#

DROP TABLE IF EXISTS `media_types`;

CREATE TABLE `media_types` (
  `id` bigint(20) unsigned NOT NULL AUTO_INCREMENT,
  `name` varchar(255) COLLATE utf8mb4_unicode_ci DEFAULT NULL,
  `created_at` datetime DEFAULT current_timestamp(),
  `updated_at` datetime DEFAULT NULL ON UPDATE current_timestamp(),
  UNIQUE KEY `id` (`id`)
) ENGINE=InnoDB AUTO_INCREMENT=101 DEFAULT CHARSET=utf8mb4 COLLATE=utf8mb4_unicode_ci;

INSERT INTO `media_types` (`id`, `name`, `created_at`, `updated_at`) VALUES ('1', 'quis', '1993-06-04 02:16:24', '1978-04-29 00:58:11');
INSERT INTO `media_types` (`id`, `name`, `created_at`, `updated_at`) VALUES ('2', 'voluptatem', '2019-08-29 11:26:41', '1995-05-20 10:38:46');
INSERT INTO `media_types` (`id`, `name`, `created_at`, `updated_at`) VALUES ('3', 'dolorem', '1975-06-27 20:54:48', '1990-01-16 18:11:45');
INSERT INTO `media_types` (`id`, `name`, `created_at`, `updated_at`) VALUES ('4', 'nesciunt', '2000-10-20 23:07:51', '1980-01-18 10:34:31');
INSERT INTO `media_types` (`id`, `name`, `created_at`, `updated_at`) VALUES ('5', 'illo', '1986-04-28 01:23:41', '2012-09-20 13:19:03');
INSERT INTO `media_types` (`id`, `name`, `created_at`, `updated_at`) VALUES ('6', 'vero', '2019-10-03 18:45:06', '2005-06-11 16:37:52');
INSERT INTO `media_types` (`id`, `name`, `created_at`, `updated_at`) VALUES ('7', 'et', '1977-06-03 00:23:15', '2019-07-10 19:11:26');
INSERT INTO `media_types` (`id`, `name`, `created_at`, `updated_at`) VALUES ('8', 'fugit', '2005-08-04 16:06:24', '1996-05-23 15:41:42');
INSERT INTO `media_types` (`id`, `name`, `created_at`, `updated_at`) VALUES ('9', 'omnis', '1991-09-17 01:35:00', '2001-01-11 04:26:13');
INSERT INTO `media_types` (`id`, `name`, `created_at`, `updated_at`) VALUES ('10', 'quasi', '1987-05-07 23:17:17', '1987-12-15 03:54:09');
INSERT INTO `media_types` (`id`, `name`, `created_at`, `updated_at`) VALUES ('11', 'et', '1996-11-28 19:31:43', '1992-07-28 04:37:11');
INSERT INTO `media_types` (`id`, `name`, `created_at`, `updated_at`) VALUES ('12', 'qui', '1985-08-21 13:23:09', '1984-09-02 05:17:35');
INSERT INTO `media_types` (`id`, `name`, `created_at`, `updated_at`) VALUES ('13', 'deleniti', '1990-10-30 22:41:47', '1984-10-27 07:15:11');
INSERT INTO `media_types` (`id`, `name`, `created_at`, `updated_at`) VALUES ('14', 'quibusdam', '2018-11-23 14:51:44', '2018-08-13 06:56:29');
INSERT INTO `media_types` (`id`, `name`, `created_at`, `updated_at`) VALUES ('15', 'voluptas', '1999-07-30 12:56:32', '1987-11-06 12:45:57');
INSERT INTO `media_types` (`id`, `name`, `created_at`, `updated_at`) VALUES ('16', 'eum', '2020-08-04 19:46:11', '2010-03-29 16:08:41');
INSERT INTO `media_types` (`id`, `name`, `created_at`, `updated_at`) VALUES ('17', 'voluptas', '2010-11-23 12:09:24', '1992-11-29 17:02:32');
INSERT INTO `media_types` (`id`, `name`, `created_at`, `updated_at`) VALUES ('18', 'repellat', '1984-07-08 01:39:53', '2007-03-22 21:59:04');
INSERT INTO `media_types` (`id`, `name`, `created_at`, `updated_at`) VALUES ('19', 'a', '2009-11-24 08:08:24', '1980-10-08 17:59:44');
INSERT INTO `media_types` (`id`, `name`, `created_at`, `updated_at`) VALUES ('20', 'a', '1976-10-23 11:23:14', '1971-04-30 17:13:52');
INSERT INTO `media_types` (`id`, `name`, `created_at`, `updated_at`) VALUES ('21', 'architecto', '1977-11-19 03:13:50', '1995-06-07 14:34:41');
INSERT INTO `media_types` (`id`, `name`, `created_at`, `updated_at`) VALUES ('22', 'a', '2007-01-30 05:03:32', '1996-11-08 00:10:58');
INSERT INTO `media_types` (`id`, `name`, `created_at`, `updated_at`) VALUES ('23', 'fugiat', '1990-12-11 00:03:39', '2018-03-23 21:44:30');
INSERT INTO `media_types` (`id`, `name`, `created_at`, `updated_at`) VALUES ('24', 'voluptatem', '1999-09-07 10:53:43', '1972-08-15 14:26:04');
INSERT INTO `media_types` (`id`, `name`, `created_at`, `updated_at`) VALUES ('25', 'quibusdam', '1973-07-09 12:32:33', '2009-03-14 16:50:03');
INSERT INTO `media_types` (`id`, `name`, `created_at`, `updated_at`) VALUES ('26', 'quam', '2021-04-26 17:48:34', '1974-05-25 12:47:15');
INSERT INTO `media_types` (`id`, `name`, `created_at`, `updated_at`) VALUES ('27', 'aliquid', '1979-12-25 06:23:14', '2015-11-07 06:02:28');
INSERT INTO `media_types` (`id`, `name`, `created_at`, `updated_at`) VALUES ('28', 'praesentium', '2014-01-15 08:31:30', '2015-05-02 00:03:57');
INSERT INTO `media_types` (`id`, `name`, `created_at`, `updated_at`) VALUES ('29', 'perferendis', '1973-05-25 05:59:34', '1976-01-07 03:19:06');
INSERT INTO `media_types` (`id`, `name`, `created_at`, `updated_at`) VALUES ('30', 'numquam', '2014-12-23 23:46:35', '2001-05-19 23:22:45');
INSERT INTO `media_types` (`id`, `name`, `created_at`, `updated_at`) VALUES ('31', 'ratione', '2019-04-16 18:53:00', '1979-12-25 02:51:46');
INSERT INTO `media_types` (`id`, `name`, `created_at`, `updated_at`) VALUES ('32', 'rerum', '1999-08-26 04:05:21', '1971-05-28 23:19:02');
INSERT INTO `media_types` (`id`, `name`, `created_at`, `updated_at`) VALUES ('33', 'at', '2017-02-05 14:11:17', '2001-02-09 06:30:09');
INSERT INTO `media_types` (`id`, `name`, `created_at`, `updated_at`) VALUES ('34', 'aut', '2019-09-09 06:17:44', '1990-06-01 13:30:26');
INSERT INTO `media_types` (`id`, `name`, `created_at`, `updated_at`) VALUES ('35', 'facilis', '1988-12-25 07:37:03', '2018-11-29 05:29:38');
INSERT INTO `media_types` (`id`, `name`, `created_at`, `updated_at`) VALUES ('36', 'sint', '2007-11-13 23:50:48', '1988-10-14 12:16:46');
INSERT INTO `media_types` (`id`, `name`, `created_at`, `updated_at`) VALUES ('37', 'iusto', '2014-05-08 22:58:01', '1983-11-12 22:49:18');
INSERT INTO `media_types` (`id`, `name`, `created_at`, `updated_at`) VALUES ('38', 'ducimus', '1993-07-07 14:14:18', '2021-05-11 13:48:34');
INSERT INTO `media_types` (`id`, `name`, `created_at`, `updated_at`) VALUES ('39', 'asperiores', '2011-09-02 12:51:35', '1980-10-26 13:16:43');
INSERT INTO `media_types` (`id`, `name`, `created_at`, `updated_at`) VALUES ('40', 'iure', '1975-07-15 06:10:26', '1999-02-08 10:08:52');
INSERT INTO `media_types` (`id`, `name`, `created_at`, `updated_at`) VALUES ('41', 'vel', '1987-10-04 14:24:29', '1982-08-24 17:05:36');
INSERT INTO `media_types` (`id`, `name`, `created_at`, `updated_at`) VALUES ('42', 'maiores', '2015-01-11 13:37:48', '1976-08-24 20:50:30');
INSERT INTO `media_types` (`id`, `name`, `created_at`, `updated_at`) VALUES ('43', 'velit', '1989-08-27 13:16:24', '1980-09-11 13:56:42');
INSERT INTO `media_types` (`id`, `name`, `created_at`, `updated_at`) VALUES ('44', 'enim', '1986-07-22 21:10:52', '2002-02-08 01:02:08');
INSERT INTO `media_types` (`id`, `name`, `created_at`, `updated_at`) VALUES ('45', 'ex', '2013-04-23 12:00:27', '2006-02-27 04:26:24');
INSERT INTO `media_types` (`id`, `name`, `created_at`, `updated_at`) VALUES ('46', 'ut', '1974-10-03 12:46:05', '1972-02-05 22:00:06');
INSERT INTO `media_types` (`id`, `name`, `created_at`, `updated_at`) VALUES ('47', 'adipisci', '2000-01-26 13:17:10', '1982-11-18 05:21:44');
INSERT INTO `media_types` (`id`, `name`, `created_at`, `updated_at`) VALUES ('48', 'eveniet', '1993-06-21 04:44:50', '1974-01-12 14:49:23');
INSERT INTO `media_types` (`id`, `name`, `created_at`, `updated_at`) VALUES ('49', 'accusamus', '1993-05-04 02:54:34', '1989-01-23 07:16:00');
INSERT INTO `media_types` (`id`, `name`, `created_at`, `updated_at`) VALUES ('50', 'voluptatem', '2001-06-12 04:35:01', '1971-09-18 15:52:27');
INSERT INTO `media_types` (`id`, `name`, `created_at`, `updated_at`) VALUES ('51', 'fugiat', '1983-06-26 03:56:31', '2020-08-28 18:38:38');
INSERT INTO `media_types` (`id`, `name`, `created_at`, `updated_at`) VALUES ('52', 'ullam', '1984-02-04 05:37:50', '2007-11-26 20:55:21');
INSERT INTO `media_types` (`id`, `name`, `created_at`, `updated_at`) VALUES ('53', 'rem', '2018-09-01 19:02:00', '1996-09-10 15:45:41');
INSERT INTO `media_types` (`id`, `name`, `created_at`, `updated_at`) VALUES ('54', 'magnam', '1973-07-14 02:47:42', '2010-03-24 22:02:51');
INSERT INTO `media_types` (`id`, `name`, `created_at`, `updated_at`) VALUES ('55', 'voluptatem', '1987-07-01 21:22:15', '2015-12-29 14:51:32');
INSERT INTO `media_types` (`id`, `name`, `created_at`, `updated_at`) VALUES ('56', 'fuga', '2020-03-15 17:07:52', '2016-11-12 03:52:45');
INSERT INTO `media_types` (`id`, `name`, `created_at`, `updated_at`) VALUES ('57', 'officiis', '1981-05-15 22:44:07', '2016-12-03 19:40:52');
INSERT INTO `media_types` (`id`, `name`, `created_at`, `updated_at`) VALUES ('58', 'ducimus', '2004-10-26 05:48:23', '1983-05-11 06:43:11');
INSERT INTO `media_types` (`id`, `name`, `created_at`, `updated_at`) VALUES ('59', 'optio', '1985-09-01 17:02:08', '1991-05-24 08:53:53');
INSERT INTO `media_types` (`id`, `name`, `created_at`, `updated_at`) VALUES ('60', 'ut', '2015-09-15 18:06:25', '2017-07-25 08:36:35');
INSERT INTO `media_types` (`id`, `name`, `created_at`, `updated_at`) VALUES ('61', 'voluptatem', '2017-06-10 21:37:23', '1985-05-09 07:26:59');
INSERT INTO `media_types` (`id`, `name`, `created_at`, `updated_at`) VALUES ('62', 'suscipit', '2005-10-21 23:41:42', '1986-07-24 07:58:23');
INSERT INTO `media_types` (`id`, `name`, `created_at`, `updated_at`) VALUES ('63', 'perferendis', '1973-04-02 18:54:25', '1985-04-10 03:08:41');
INSERT INTO `media_types` (`id`, `name`, `created_at`, `updated_at`) VALUES ('64', 'nesciunt', '1997-09-19 13:41:51', '1971-08-01 11:52:10');
INSERT INTO `media_types` (`id`, `name`, `created_at`, `updated_at`) VALUES ('65', 'vel', '1986-01-15 10:46:03', '1997-06-09 13:58:23');
INSERT INTO `media_types` (`id`, `name`, `created_at`, `updated_at`) VALUES ('66', 'illo', '1986-05-25 13:03:28', '2009-02-25 06:31:47');
INSERT INTO `media_types` (`id`, `name`, `created_at`, `updated_at`) VALUES ('67', 'expedita', '2012-06-23 11:43:05', '1982-09-02 03:00:07');
INSERT INTO `media_types` (`id`, `name`, `created_at`, `updated_at`) VALUES ('68', 'non', '1972-02-27 01:13:42', '2001-02-05 14:40:02');
INSERT INTO `media_types` (`id`, `name`, `created_at`, `updated_at`) VALUES ('69', 'dolor', '1990-09-25 11:33:48', '2008-03-11 19:21:33');
INSERT INTO `media_types` (`id`, `name`, `created_at`, `updated_at`) VALUES ('70', 'atque', '1970-04-08 07:45:15', '2013-12-25 23:07:07');
INSERT INTO `media_types` (`id`, `name`, `created_at`, `updated_at`) VALUES ('71', 'reiciendis', '2012-04-26 15:50:14', '1988-01-01 15:09:25');
INSERT INTO `media_types` (`id`, `name`, `created_at`, `updated_at`) VALUES ('72', 'accusamus', '2018-07-05 08:21:10', '2001-09-08 01:46:30');
INSERT INTO `media_types` (`id`, `name`, `created_at`, `updated_at`) VALUES ('73', 'quasi', '2010-07-02 19:39:46', '1977-06-24 18:15:06');
INSERT INTO `media_types` (`id`, `name`, `created_at`, `updated_at`) VALUES ('74', 'et', '1990-10-28 03:38:39', '1997-01-30 17:36:28');
INSERT INTO `media_types` (`id`, `name`, `created_at`, `updated_at`) VALUES ('75', 'rem', '1983-05-07 06:21:01', '2013-05-19 22:28:27');
INSERT INTO `media_types` (`id`, `name`, `created_at`, `updated_at`) VALUES ('76', 'incidunt', '1996-01-11 18:48:00', '1990-10-06 03:33:21');
INSERT INTO `media_types` (`id`, `name`, `created_at`, `updated_at`) VALUES ('77', 'assumenda', '1973-02-20 23:50:28', '2018-10-14 03:59:25');
INSERT INTO `media_types` (`id`, `name`, `created_at`, `updated_at`) VALUES ('78', 'aut', '1970-08-19 06:18:46', '1984-09-06 01:32:20');
INSERT INTO `media_types` (`id`, `name`, `created_at`, `updated_at`) VALUES ('79', 'unde', '1974-01-05 01:42:08', '1971-01-10 16:52:46');
INSERT INTO `media_types` (`id`, `name`, `created_at`, `updated_at`) VALUES ('80', 'labore', '1998-09-17 09:38:16', '1992-04-05 04:07:45');
INSERT INTO `media_types` (`id`, `name`, `created_at`, `updated_at`) VALUES ('81', 'sint', '1989-05-19 09:39:50', '2009-08-05 07:37:55');
INSERT INTO `media_types` (`id`, `name`, `created_at`, `updated_at`) VALUES ('82', 'qui', '2006-04-20 18:47:51', '1989-11-05 04:46:06');
INSERT INTO `media_types` (`id`, `name`, `created_at`, `updated_at`) VALUES ('83', 'sit', '1983-01-17 08:28:04', '2002-04-13 11:08:29');
INSERT INTO `media_types` (`id`, `name`, `created_at`, `updated_at`) VALUES ('84', 'et', '2004-07-21 19:40:56', '2013-12-24 19:04:01');
INSERT INTO `media_types` (`id`, `name`, `created_at`, `updated_at`) VALUES ('85', 'qui', '1990-11-02 17:21:51', '2005-09-07 01:52:52');
INSERT INTO `media_types` (`id`, `name`, `created_at`, `updated_at`) VALUES ('86', 'autem', '1978-03-05 20:37:35', '1976-05-08 00:50:54');
INSERT INTO `media_types` (`id`, `name`, `created_at`, `updated_at`) VALUES ('87', 'harum', '1996-01-01 13:54:44', '1975-06-23 21:03:26');
INSERT INTO `media_types` (`id`, `name`, `created_at`, `updated_at`) VALUES ('88', 'repellat', '1977-12-06 18:48:51', '1975-09-19 07:55:50');
INSERT INTO `media_types` (`id`, `name`, `created_at`, `updated_at`) VALUES ('89', 'accusamus', '2002-05-22 23:11:55', '1983-10-24 09:59:02');
INSERT INTO `media_types` (`id`, `name`, `created_at`, `updated_at`) VALUES ('90', 'sed', '2011-03-31 05:32:43', '2006-01-15 17:36:26');
INSERT INTO `media_types` (`id`, `name`, `created_at`, `updated_at`) VALUES ('91', 'sunt', '2011-05-29 02:11:22', '1971-05-12 07:21:09');
INSERT INTO `media_types` (`id`, `name`, `created_at`, `updated_at`) VALUES ('92', 'quo', '1973-01-17 01:19:52', '2014-08-28 02:21:10');
INSERT INTO `media_types` (`id`, `name`, `created_at`, `updated_at`) VALUES ('93', 'deserunt', '1984-05-07 17:49:43', '2002-03-05 12:54:13');
INSERT INTO `media_types` (`id`, `name`, `created_at`, `updated_at`) VALUES ('94', 'maiores', '1999-08-10 08:52:18', '1978-01-27 03:59:18');
INSERT INTO `media_types` (`id`, `name`, `created_at`, `updated_at`) VALUES ('95', 'quod', '1989-09-08 07:17:26', '1978-07-18 19:19:28');
INSERT INTO `media_types` (`id`, `name`, `created_at`, `updated_at`) VALUES ('96', 'tempora', '1998-07-13 22:48:09', '2002-11-19 07:46:23');
INSERT INTO `media_types` (`id`, `name`, `created_at`, `updated_at`) VALUES ('97', 'saepe', '2001-07-15 01:33:38', '1993-12-09 16:43:37');
INSERT INTO `media_types` (`id`, `name`, `created_at`, `updated_at`) VALUES ('98', 'voluptatem', '2019-01-07 17:29:19', '2015-03-09 00:21:05');
INSERT INTO `media_types` (`id`, `name`, `created_at`, `updated_at`) VALUES ('99', 'enim', '2007-09-07 13:15:07', '2007-09-22 18:45:32');
INSERT INTO `media_types` (`id`, `name`, `created_at`, `updated_at`) VALUES ('100', 'sed', '2016-11-14 17:19:39', '2018-04-27 03:20:11');


#
# TABLE STRUCTURE FOR: messages
#

DROP TABLE IF EXISTS `messages`;

CREATE TABLE `messages` (
  `id` bigint(20) unsigned NOT NULL AUTO_INCREMENT,
  `from_user_id` bigint(20) unsigned NOT NULL,
  `to_user_id` bigint(20) unsigned NOT NULL,
  `body` text COLLATE utf8mb4_unicode_ci DEFAULT NULL,
  `created_at` datetime DEFAULT current_timestamp(),
  UNIQUE KEY `id` (`id`),
  KEY `from_user_id` (`from_user_id`),
  KEY `to_user_id` (`to_user_id`),
  CONSTRAINT `messages_ibfk_1` FOREIGN KEY (`from_user_id`) REFERENCES `users` (`id`),
  CONSTRAINT `messages_ibfk_2` FOREIGN KEY (`to_user_id`) REFERENCES `users` (`id`)
) ENGINE=InnoDB AUTO_INCREMENT=101 DEFAULT CHARSET=utf8mb4 COLLATE=utf8mb4_unicode_ci;

INSERT INTO `messages` (`id`, `from_user_id`, `to_user_id`, `body`, `created_at`) VALUES ('1', '201', '201', 'Consequuntur tenetur necessitatibus repellat sit qui eum aliquid. Voluptatem voluptatem quaerat incidunt fugit. Ea quis animi velit provident eos perferendis. Consequuntur totam enim assumenda est aut. Error minus deserunt dolore.', '1994-09-24 05:52:38');
INSERT INTO `messages` (`id`, `from_user_id`, `to_user_id`, `body`, `created_at`) VALUES ('2', '202', '202', 'Aut eos sequi mollitia dolorem illum ut optio hic. Quo nam dolorum alias amet non hic qui tempora. Rerum ut et enim repellendus provident deleniti.', '1990-02-21 07:59:24');
INSERT INTO `messages` (`id`, `from_user_id`, `to_user_id`, `body`, `created_at`) VALUES ('3', '203', '203', 'Cum id eos eveniet architecto atque molestiae iure. Laboriosam quia suscipit eum quia quas. Est non qui minus doloribus. Harum et aut possimus aperiam nemo.', '2004-08-10 20:15:56');
INSERT INTO `messages` (`id`, `from_user_id`, `to_user_id`, `body`, `created_at`) VALUES ('4', '204', '204', 'Libero fuga eligendi nam ut. Vel eum alias reprehenderit. Sint pariatur quibusdam maiores vel aut quaerat veritatis.', '1979-06-27 08:18:59');
INSERT INTO `messages` (`id`, `from_user_id`, `to_user_id`, `body`, `created_at`) VALUES ('5', '205', '205', 'Est aut aut ut dolor et officia. Ad sit explicabo possimus qui et. Nulla ullam corrupti adipisci sed voluptatum. Aliquam nisi libero quo et deleniti beatae. Deserunt molestiae omnis voluptas corrupti sint dignissimos beatae.', '2016-03-05 15:31:22');
INSERT INTO `messages` (`id`, `from_user_id`, `to_user_id`, `body`, `created_at`) VALUES ('6', '206', '206', 'Cumque sit sit non quia blanditiis nulla reprehenderit quia. Ad quam rerum nulla ipsa. Facere voluptatem saepe dolore vitae assumenda dolor architecto. Accusantium veniam tenetur et sint quia reprehenderit architecto error. Et at sint aperiam possimus vel maiores tenetur.', '1997-10-15 15:36:06');
INSERT INTO `messages` (`id`, `from_user_id`, `to_user_id`, `body`, `created_at`) VALUES ('7', '207', '207', 'Sequi reiciendis dolorum dicta dolorem non sint. Autem eius et possimus ut maiores cumque. Minus hic voluptatum dignissimos quasi. Quo facilis error et exercitationem dolor quibusdam iusto.', '1978-08-19 03:47:22');
INSERT INTO `messages` (`id`, `from_user_id`, `to_user_id`, `body`, `created_at`) VALUES ('8', '208', '208', 'Rerum provident placeat molestiae qui voluptas voluptas a. Fugit voluptas quibusdam cum vitae. Voluptas recusandae in earum doloribus.', '1987-03-25 09:16:02');
INSERT INTO `messages` (`id`, `from_user_id`, `to_user_id`, `body`, `created_at`) VALUES ('9', '210', '210', 'Numquam enim expedita sunt quibusdam tenetur eum quibusdam. Sint qui deleniti sit neque quisquam neque aut. Reprehenderit accusantium odit voluptatem laudantium aut quis. Rerum quia cum cupiditate qui.', '2003-12-25 11:28:20');
INSERT INTO `messages` (`id`, `from_user_id`, `to_user_id`, `body`, `created_at`) VALUES ('10', '212', '212', 'Error impedit repellendus in voluptas est non est et. Sunt eius mollitia voluptatem quasi error labore amet. Nam quisquam ut recusandae est harum et eligendi consequatur.', '1993-04-27 10:51:58');
INSERT INTO `messages` (`id`, `from_user_id`, `to_user_id`, `body`, `created_at`) VALUES ('11', '213', '213', 'Sed maxime id voluptatem natus recusandae laudantium. Ut ut ipsa ab doloribus ipsum. Reprehenderit vel voluptates est et quia accusamus laboriosam. Sapiente deleniti non alias impedit architecto. Quia impedit at nulla possimus rerum est perspiciatis.', '1974-08-06 03:22:28');
INSERT INTO `messages` (`id`, `from_user_id`, `to_user_id`, `body`, `created_at`) VALUES ('12', '216', '216', 'Quas error explicabo vel. Rerum aut corporis et inventore sapiente in odit. Inventore architecto rem aliquid velit temporibus facilis sunt. Amet sit rerum cum nihil dolor voluptatibus ut.', '1995-09-21 04:14:48');
INSERT INTO `messages` (`id`, `from_user_id`, `to_user_id`, `body`, `created_at`) VALUES ('13', '217', '217', 'Quaerat nemo unde accusamus qui. Velit saepe magnam ratione quis aut qui quis. Nam explicabo amet earum commodi. Eos iste eum laudantium dolorem.', '1998-05-02 17:33:12');
INSERT INTO `messages` (`id`, `from_user_id`, `to_user_id`, `body`, `created_at`) VALUES ('14', '219', '219', 'Cum alias vel quaerat quisquam et aperiam quisquam. Magnam ducimus libero hic rerum voluptatem. Totam rerum asperiores sit hic dolorem.', '2008-12-28 22:39:10');
INSERT INTO `messages` (`id`, `from_user_id`, `to_user_id`, `body`, `created_at`) VALUES ('15', '220', '220', 'In vel aut explicabo officia delectus. Ea et corrupti est ut quo totam enim commodi. Numquam est quam quo dolorem.', '1992-09-27 08:13:35');
INSERT INTO `messages` (`id`, `from_user_id`, `to_user_id`, `body`, `created_at`) VALUES ('16', '222', '222', 'Omnis ut maxime molestiae nisi dolor ad esse at. Quia sint debitis dolores tenetur.', '2001-03-23 11:48:26');
INSERT INTO `messages` (`id`, `from_user_id`, `to_user_id`, `body`, `created_at`) VALUES ('17', '227', '227', 'Quas quia in modi excepturi quo non quo cum. Error sunt dolores omnis ea qui distinctio. Ex enim qui est dicta accusantium sit. Ea expedita aspernatur magni vitae sequi sit et.', '1974-07-17 14:49:39');
INSERT INTO `messages` (`id`, `from_user_id`, `to_user_id`, `body`, `created_at`) VALUES ('18', '228', '228', 'Sit perferendis aperiam commodi rem nostrum qui. Harum perferendis et nisi cumque et vitae magni. Qui libero repudiandae neque doloribus qui.', '1975-07-14 08:00:27');
INSERT INTO `messages` (`id`, `from_user_id`, `to_user_id`, `body`, `created_at`) VALUES ('19', '230', '230', 'Illum dolores consequatur distinctio aliquid quo. Quas minima libero atque dolorem minima debitis. Eius aut vitae iste earum aut. Voluptatem sit expedita odit sit eligendi.', '2005-02-22 02:11:11');
INSERT INTO `messages` (`id`, `from_user_id`, `to_user_id`, `body`, `created_at`) VALUES ('20', '231', '231', 'Nobis doloremque vero ipsam molestiae. Possimus est ut assumenda ut facilis quis beatae veniam. Ut aliquam consequuntur ullam modi.', '1988-03-08 17:44:36');
INSERT INTO `messages` (`id`, `from_user_id`, `to_user_id`, `body`, `created_at`) VALUES ('21', '235', '235', 'Dicta maiores autem corrupti nemo quia. Molestiae dicta recusandae voluptatem. Est necessitatibus eum rerum quaerat aspernatur dolorem consequatur. Quo maiores qui veritatis doloremque impedit ducimus et.', '1981-04-23 08:18:56');
INSERT INTO `messages` (`id`, `from_user_id`, `to_user_id`, `body`, `created_at`) VALUES ('22', '236', '236', 'Officia pariatur aliquam rerum laboriosam. Quibusdam qui ut dicta quaerat labore esse. Ut exercitationem velit quos rerum.', '1985-06-09 06:43:22');
INSERT INTO `messages` (`id`, `from_user_id`, `to_user_id`, `body`, `created_at`) VALUES ('23', '239', '239', 'Eius accusantium earum perferendis doloremque. Quia quia reprehenderit sunt ut voluptatem et.', '1997-01-18 01:07:17');
INSERT INTO `messages` (`id`, `from_user_id`, `to_user_id`, `body`, `created_at`) VALUES ('24', '240', '240', 'Quo et fugit adipisci quae. Commodi voluptatum sequi asperiores impedit autem doloremque. Beatae doloribus consectetur molestias et.', '1984-12-03 21:37:28');
INSERT INTO `messages` (`id`, `from_user_id`, `to_user_id`, `body`, `created_at`) VALUES ('25', '241', '241', 'Est dolores quasi nulla ab exercitationem. Ab ipsum quo dignissimos qui aut. Quasi ut praesentium sed totam. Non praesentium accusamus minus. Qui error beatae dolor aut atque.', '2016-01-08 16:28:58');
INSERT INTO `messages` (`id`, `from_user_id`, `to_user_id`, `body`, `created_at`) VALUES ('26', '243', '243', 'Maxime aut qui tempora eum nam exercitationem. Porro pariatur sed quo dolores dolor et laborum. Corporis ut animi numquam minus magnam.', '1999-07-23 19:39:20');
INSERT INTO `messages` (`id`, `from_user_id`, `to_user_id`, `body`, `created_at`) VALUES ('27', '245', '245', 'Ad dicta dolorem soluta. Consequatur alias nulla omnis architecto dolores ut. Quos aperiam esse quaerat sit et cupiditate.', '2005-10-25 19:57:13');
INSERT INTO `messages` (`id`, `from_user_id`, `to_user_id`, `body`, `created_at`) VALUES ('28', '246', '246', 'Ut numquam voluptas animi ea cupiditate. Veniam ut illo et quisquam voluptatibus omnis omnis. Voluptatem possimus voluptas omnis. Ipsa sed unde maiores eos.', '1995-12-18 20:37:49');
INSERT INTO `messages` (`id`, `from_user_id`, `to_user_id`, `body`, `created_at`) VALUES ('29', '247', '247', 'Expedita et quia dolor eum voluptates. Eum sapiente in quia tempora omnis. Est voluptatum voluptatem voluptatem modi et consequuntur voluptas. Architecto ipsa quibusdam tenetur natus est iure accusantium qui.', '1998-09-30 00:58:04');
INSERT INTO `messages` (`id`, `from_user_id`, `to_user_id`, `body`, `created_at`) VALUES ('30', '248', '248', 'Possimus ut tenetur odit debitis similique quasi dolor. Qui ut quibusdam sint. Doloribus quia atque dignissimos et consectetur vel eaque. Et ut nisi non et qui fugit.', '1999-05-05 07:21:06');
INSERT INTO `messages` (`id`, `from_user_id`, `to_user_id`, `body`, `created_at`) VALUES ('31', '249', '249', 'Facilis dolorum ex facere doloribus praesentium. Ut nobis eaque qui odit. Iure et itaque sed atque.', '1997-11-04 19:26:54');
INSERT INTO `messages` (`id`, `from_user_id`, `to_user_id`, `body`, `created_at`) VALUES ('32', '250', '250', 'Ut provident architecto et. Unde sed dolor quibusdam explicabo. Rem molestiae eaque et libero consequatur.', '1977-02-11 16:38:17');
INSERT INTO `messages` (`id`, `from_user_id`, `to_user_id`, `body`, `created_at`) VALUES ('33', '253', '253', 'Velit repellat ex possimus. Aut voluptatem harum doloribus optio. Ipsum non nam odit voluptas sunt.', '2019-02-23 20:10:41');
INSERT INTO `messages` (`id`, `from_user_id`, `to_user_id`, `body`, `created_at`) VALUES ('34', '254', '254', 'Consequatur officia sed porro quia sed. Aspernatur eveniet corrupti nesciunt ducimus aut quia. Molestias est vel rerum qui sed ut. Qui aliquam laudantium dolorem voluptatem aperiam quia ipsam.', '2020-04-03 20:21:01');
INSERT INTO `messages` (`id`, `from_user_id`, `to_user_id`, `body`, `created_at`) VALUES ('35', '255', '255', 'Sunt nihil quae error. Exercitationem soluta incidunt neque optio voluptas consequatur quas. Iure in aut ratione quam rerum doloremque. Ut laborum adipisci aut aut illo excepturi repudiandae et.', '2013-01-07 15:04:26');
INSERT INTO `messages` (`id`, `from_user_id`, `to_user_id`, `body`, `created_at`) VALUES ('36', '257', '257', 'Ab consectetur necessitatibus deserunt commodi inventore sit consectetur. Qui dolorem consequatur deserunt neque asperiores.', '1970-02-19 00:30:43');
INSERT INTO `messages` (`id`, `from_user_id`, `to_user_id`, `body`, `created_at`) VALUES ('37', '258', '258', 'Id quia aperiam aperiam sed numquam neque. Quam aut aut quas dolores tenetur aut iusto. Sequi tempore omnis ut eaque dolores mollitia.', '1995-06-27 07:56:51');
INSERT INTO `messages` (`id`, `from_user_id`, `to_user_id`, `body`, `created_at`) VALUES ('38', '259', '259', 'Minima ea facere velit. Quos similique soluta sunt ipsam et autem. Nobis atque voluptatem at et. Odit id quis minus eum. Illo saepe tempore aut voluptatum.', '1996-04-19 01:14:44');
INSERT INTO `messages` (`id`, `from_user_id`, `to_user_id`, `body`, `created_at`) VALUES ('39', '260', '260', 'A odit fugiat sit neque nihil esse. Repellendus vitae nesciunt velit exercitationem enim molestiae laudantium. Nostrum voluptatibus soluta aliquid vel nulla perferendis ut. Tenetur unde voluptatem et aut eveniet. Et aut recusandae est at.', '1995-08-09 01:34:17');
INSERT INTO `messages` (`id`, `from_user_id`, `to_user_id`, `body`, `created_at`) VALUES ('40', '261', '261', 'Quia delectus similique at quo temporibus voluptas est. Quidem praesentium qui at et et similique deserunt. Ab nesciunt sed voluptatem mollitia dolor. Quia odio sit iusto vitae quia qui est.', '1977-11-03 07:53:31');
INSERT INTO `messages` (`id`, `from_user_id`, `to_user_id`, `body`, `created_at`) VALUES ('41', '262', '262', 'At ut dicta repellat molestias illo eius ipsam. Aut in ipsum ut quia aliquam et repellat occaecati.', '2005-11-24 20:50:13');
INSERT INTO `messages` (`id`, `from_user_id`, `to_user_id`, `body`, `created_at`) VALUES ('42', '263', '263', 'Earum sed ut in quia ducimus. Consequatur et quaerat dolore quis deleniti optio. Eum quis laboriosam adipisci id error. Voluptatem impedit velit sequi ut earum facilis quia.', '1978-04-09 00:56:58');
INSERT INTO `messages` (`id`, `from_user_id`, `to_user_id`, `body`, `created_at`) VALUES ('43', '265', '265', 'Magnam sit sed sint. Quos est tempore harum et nihil ut.', '2000-06-27 09:41:26');
INSERT INTO `messages` (`id`, `from_user_id`, `to_user_id`, `body`, `created_at`) VALUES ('44', '266', '266', 'Earum officiis perspiciatis molestiae sit. Minima quam necessitatibus adipisci et impedit voluptas. Dolores dolor quasi aut. Nihil omnis voluptate esse rerum.', '1996-01-21 06:46:21');
INSERT INTO `messages` (`id`, `from_user_id`, `to_user_id`, `body`, `created_at`) VALUES ('45', '268', '268', 'Voluptas sint id nemo veniam. Delectus odio quaerat saepe consequuntur omnis. Velit delectus doloribus quaerat corrupti aspernatur.', '1972-05-14 03:55:22');
INSERT INTO `messages` (`id`, `from_user_id`, `to_user_id`, `body`, `created_at`) VALUES ('46', '269', '269', 'Cupiditate autem reprehenderit qui. Dolores maiores expedita nihil dolores non ut non. Quasi hic voluptatem amet incidunt doloribus. Cupiditate veritatis ipsum officiis.', '2003-06-26 06:06:11');
INSERT INTO `messages` (`id`, `from_user_id`, `to_user_id`, `body`, `created_at`) VALUES ('47', '270', '270', 'Sit harum sed possimus quia inventore dolorum a. Voluptates quasi eos in ut odio et sed. Eligendi possimus consequuntur necessitatibus ut. Et dicta voluptates est incidunt.', '2003-09-15 15:08:01');
INSERT INTO `messages` (`id`, `from_user_id`, `to_user_id`, `body`, `created_at`) VALUES ('48', '271', '271', 'Velit omnis commodi atque minima quis blanditiis voluptatem. Inventore eos provident exercitationem laboriosam voluptas accusamus corrupti.', '2008-03-15 20:34:32');
INSERT INTO `messages` (`id`, `from_user_id`, `to_user_id`, `body`, `created_at`) VALUES ('49', '273', '273', 'Sit eos occaecati a exercitationem. Voluptatem molestias sint quaerat est ex non nesciunt. Sint modi aspernatur delectus sit aut. Animi nulla natus reprehenderit vitae reprehenderit.', '1982-12-10 21:52:47');
INSERT INTO `messages` (`id`, `from_user_id`, `to_user_id`, `body`, `created_at`) VALUES ('50', '275', '275', 'Cumque aliquam eos non accusamus aut. Incidunt numquam laborum eaque debitis quam velit rerum rerum. Velit mollitia possimus delectus modi dolor iste ducimus et.', '2005-12-11 20:57:12');
INSERT INTO `messages` (`id`, `from_user_id`, `to_user_id`, `body`, `created_at`) VALUES ('51', '277', '277', 'Neque dignissimos debitis iste temporibus at qui. Dolor velit praesentium sed et et consectetur et.', '2001-08-21 00:39:37');
INSERT INTO `messages` (`id`, `from_user_id`, `to_user_id`, `body`, `created_at`) VALUES ('52', '278', '278', 'Consequatur omnis dolor voluptas quis eveniet amet quisquam. Vel officia natus consequatur odit. Aut commodi adipisci rem exercitationem optio. Quaerat et est nam ut explicabo.', '2020-09-26 02:48:29');
INSERT INTO `messages` (`id`, `from_user_id`, `to_user_id`, `body`, `created_at`) VALUES ('53', '279', '279', 'Velit nemo sed optio assumenda. Id laboriosam id nisi perspiciatis et odit. Numquam qui ducimus quis expedita neque. Soluta tempore eum odit.', '2007-10-29 13:25:15');
INSERT INTO `messages` (`id`, `from_user_id`, `to_user_id`, `body`, `created_at`) VALUES ('54', '280', '280', 'Voluptate minus eos ut. Deserunt libero ut distinctio incidunt aut minus autem molestiae. Quo maxime iste et aspernatur. Labore est quas sit aspernatur.', '1974-02-26 15:23:43');
INSERT INTO `messages` (`id`, `from_user_id`, `to_user_id`, `body`, `created_at`) VALUES ('55', '283', '283', 'Et qui ipsam voluptatem eos earum illo. Nemo culpa inventore et officia sed.', '2013-07-18 04:47:01');
INSERT INTO `messages` (`id`, `from_user_id`, `to_user_id`, `body`, `created_at`) VALUES ('56', '284', '284', 'Sit quidem reprehenderit aut voluptatem eaque aspernatur aliquam. Quia consequatur perspiciatis voluptas nam. Amet porro nisi eum beatae rem illum tempora. Laudantium repellat sint ut cumque dolorem.', '1971-09-02 22:29:03');
INSERT INTO `messages` (`id`, `from_user_id`, `to_user_id`, `body`, `created_at`) VALUES ('57', '285', '285', 'Amet et sapiente laboriosam qui magnam. Nam nam quis nam nam unde voluptatibus cumque ea. Nulla vel voluptas dolorem. Facilis magnam reprehenderit quo saepe cupiditate molestias qui.', '2014-01-03 19:31:56');
INSERT INTO `messages` (`id`, `from_user_id`, `to_user_id`, `body`, `created_at`) VALUES ('58', '287', '287', 'Mollitia est iste blanditiis doloribus officia repellendus. Quo dolor nam id dolorem rerum temporibus consequatur reprehenderit. Sunt nam qui excepturi dolores sunt. Culpa pariatur ex neque atque cum provident.', '2009-02-21 16:10:17');
INSERT INTO `messages` (`id`, `from_user_id`, `to_user_id`, `body`, `created_at`) VALUES ('59', '292', '292', 'Alias corporis vero magnam aliquid at. Atque est consectetur doloribus et quasi voluptas perferendis. Maxime sunt quo ipsa rerum consequatur. Molestiae voluptate optio est consequatur placeat.', '2005-09-04 08:58:02');
INSERT INTO `messages` (`id`, `from_user_id`, `to_user_id`, `body`, `created_at`) VALUES ('60', '296', '296', 'Magnam minima nemo laborum rem corrupti. Dolore minima quasi neque commodi consectetur sunt reiciendis. Ut fuga sint velit blanditiis voluptas sit.', '2015-02-27 18:49:52');
INSERT INTO `messages` (`id`, `from_user_id`, `to_user_id`, `body`, `created_at`) VALUES ('61', '297', '297', 'Quasi minus eum velit non labore sapiente. Itaque minima alias eaque. Eius temporibus fuga optio aut optio.', '2018-09-16 13:08:12');
INSERT INTO `messages` (`id`, `from_user_id`, `to_user_id`, `body`, `created_at`) VALUES ('62', '298', '298', 'Officiis dicta velit adipisci nihil. Accusamus blanditiis laudantium sit dignissimos vel.', '1982-01-23 11:14:26');
INSERT INTO `messages` (`id`, `from_user_id`, `to_user_id`, `body`, `created_at`) VALUES ('63', '301', '301', 'Est inventore reprehenderit soluta quidem eum quo ut. Labore veniam qui ducimus blanditiis. Porro distinctio molestiae et maiores sunt.', '1992-07-03 07:03:06');
INSERT INTO `messages` (`id`, `from_user_id`, `to_user_id`, `body`, `created_at`) VALUES ('64', '302', '302', 'Corrupti perspiciatis laboriosam et fugit vero ut. Perspiciatis laborum aut asperiores quo praesentium quo quia sit.', '2004-04-11 03:35:19');
INSERT INTO `messages` (`id`, `from_user_id`, `to_user_id`, `body`, `created_at`) VALUES ('65', '305', '305', 'Reprehenderit consequatur nesciunt eveniet eos repellat. Voluptatem aut quam iste praesentium. Molestiae aut sit sit unde vero repellat. Sed voluptatum eos a dolores et quae.', '2019-12-12 21:29:01');
INSERT INTO `messages` (`id`, `from_user_id`, `to_user_id`, `body`, `created_at`) VALUES ('66', '307', '307', 'Et adipisci saepe iste. Voluptatem dolore assumenda sit aut laborum veniam. Perspiciatis error sequi dignissimos omnis sunt quis. Neque voluptas a dolores aut. Dolore repudiandae rerum velit autem est.', '1988-05-07 01:54:23');
INSERT INTO `messages` (`id`, `from_user_id`, `to_user_id`, `body`, `created_at`) VALUES ('67', '310', '310', 'Et inventore inventore exercitationem non. In totam porro voluptate itaque fugit asperiores ut ipsum. Beatae sunt et explicabo.', '1989-10-31 03:00:46');
INSERT INTO `messages` (`id`, `from_user_id`, `to_user_id`, `body`, `created_at`) VALUES ('68', '312', '312', 'Reprehenderit perspiciatis minus dignissimos atque assumenda et. Deleniti odit nihil cupiditate dolores voluptates quia dicta. Alias id rerum quo id velit distinctio id.', '2002-02-10 14:06:25');
INSERT INTO `messages` (`id`, `from_user_id`, `to_user_id`, `body`, `created_at`) VALUES ('69', '313', '313', 'Hic soluta nobis eaque consequuntur. Aut labore dignissimos amet et omnis voluptatem. Possimus quod sed voluptatem at numquam. Reprehenderit dolorem neque iusto sed non in.', '1975-11-12 19:42:48');
INSERT INTO `messages` (`id`, `from_user_id`, `to_user_id`, `body`, `created_at`) VALUES ('70', '316', '316', 'Minus dolorum sunt est error necessitatibus. Reiciendis dolore quasi laboriosam enim nesciunt facilis. In sint odit in et vel.', '2010-06-24 13:37:11');
INSERT INTO `messages` (`id`, `from_user_id`, `to_user_id`, `body`, `created_at`) VALUES ('71', '317', '317', 'Ut voluptas est aut quas temporibus reiciendis. Dolores quo officiis iure soluta ut qui. Distinctio molestiae dolorem magni a voluptatem natus. Hic omnis maxime consequatur quia.', '1995-01-08 04:52:42');
INSERT INTO `messages` (`id`, `from_user_id`, `to_user_id`, `body`, `created_at`) VALUES ('72', '318', '318', 'Consectetur ut impedit deleniti omnis corrupti. Quisquam est quisquam voluptas provident in. Quae iure repudiandae ullam porro sit harum sint animi. Sit recusandae quod cumque facere.', '1976-10-02 05:32:10');
INSERT INTO `messages` (`id`, `from_user_id`, `to_user_id`, `body`, `created_at`) VALUES ('73', '319', '319', 'Dolorem nihil quasi illum explicabo. Unde ut totam quisquam et nostrum. Harum est commodi nostrum id sapiente pariatur.', '1997-05-08 04:21:41');
INSERT INTO `messages` (`id`, `from_user_id`, `to_user_id`, `body`, `created_at`) VALUES ('74', '320', '320', 'Numquam ratione a quia rerum occaecati earum. Sed deserunt officia velit voluptatem dolor non aut.', '1998-03-18 03:12:18');
INSERT INTO `messages` (`id`, `from_user_id`, `to_user_id`, `body`, `created_at`) VALUES ('75', '322', '322', 'Rem autem quas at tempore. Tenetur voluptatem totam tenetur tempore aut labore quod. Eum molestiae id ab ut ducimus nesciunt voluptatibus. Odit esse sequi non eos aut fuga. Et ut ut repellendus mollitia.', '2012-02-07 20:03:05');
INSERT INTO `messages` (`id`, `from_user_id`, `to_user_id`, `body`, `created_at`) VALUES ('76', '325', '325', 'Velit iste velit voluptas velit ipsam. Cupiditate et vero doloremque illum et modi voluptates odit.', '2008-09-23 13:39:21');
INSERT INTO `messages` (`id`, `from_user_id`, `to_user_id`, `body`, `created_at`) VALUES ('77', '326', '326', 'Non recusandae aut ab illo officiis. Odit culpa quo molestiae aut tempora perspiciatis autem. Ut similique qui vitae blanditiis sit aut architecto. Iste sit autem corporis expedita dolorem non aliquam voluptas.', '1981-07-13 06:13:44');
INSERT INTO `messages` (`id`, `from_user_id`, `to_user_id`, `body`, `created_at`) VALUES ('78', '329', '329', 'Culpa est voluptatem corrupti impedit eligendi laboriosam amet. Ratione qui beatae facilis et perferendis aliquam. Ipsa harum sit nostrum enim perspiciatis velit id consequatur. Dolores quasi dolorum velit corrupti tempore.', '2020-07-14 22:58:46');
INSERT INTO `messages` (`id`, `from_user_id`, `to_user_id`, `body`, `created_at`) VALUES ('79', '330', '330', 'Ut aut ratione asperiores nihil quaerat libero dolore est. Libero dolorem harum maxime hic qui aperiam assumenda. Tempore consequatur repudiandae earum voluptates voluptatibus possimus. Quae quisquam odit non voluptatem sint.', '1997-12-24 13:41:25');
INSERT INTO `messages` (`id`, `from_user_id`, `to_user_id`, `body`, `created_at`) VALUES ('80', '331', '331', 'Quis temporibus molestias tempore omnis ut. Corrupti incidunt aut suscipit eaque alias deleniti aut. Voluptatibus non alias voluptatem nisi totam vel.', '1977-09-30 22:42:53');
INSERT INTO `messages` (`id`, `from_user_id`, `to_user_id`, `body`, `created_at`) VALUES ('81', '332', '332', 'Quia possimus tenetur et possimus maiores vel. Repellat sit eos est. Praesentium ipsum natus illum deserunt et.', '1997-09-13 07:45:20');
INSERT INTO `messages` (`id`, `from_user_id`, `to_user_id`, `body`, `created_at`) VALUES ('82', '333', '333', 'Vel et at et. Itaque non sunt quam quos dolor. Consequatur velit perspiciatis fugiat aut harum aliquam ipsum. Sit accusantium dolores soluta perferendis similique pariatur.', '1992-09-21 12:14:07');
INSERT INTO `messages` (`id`, `from_user_id`, `to_user_id`, `body`, `created_at`) VALUES ('83', '334', '334', 'Fugiat sequi tenetur rerum ut eum. Quia consectetur expedita ut esse voluptas nam beatae. Qui et dolor minus. Non molestiae impedit vitae dolorem rerum.', '2006-03-28 04:58:28');
INSERT INTO `messages` (`id`, `from_user_id`, `to_user_id`, `body`, `created_at`) VALUES ('84', '335', '335', 'Minus adipisci sed eos et soluta vel. Impedit maiores id et veniam. Cum voluptatum consequatur porro consequatur.', '2019-02-26 14:31:07');
INSERT INTO `messages` (`id`, `from_user_id`, `to_user_id`, `body`, `created_at`) VALUES ('85', '337', '337', 'Est dolor necessitatibus ducimus impedit explicabo facere est. Qui occaecati mollitia quas aut aut. Aut id ipsum totam molestias et atque velit et.', '1989-02-04 05:09:39');
INSERT INTO `messages` (`id`, `from_user_id`, `to_user_id`, `body`, `created_at`) VALUES ('86', '340', '340', 'Totam illum repellendus sit rerum. Expedita est aut mollitia ducimus omnis ut. Quia sed aperiam expedita nam. Autem excepturi nostrum repellendus natus nulla est earum.', '1978-08-07 23:15:33');
INSERT INTO `messages` (`id`, `from_user_id`, `to_user_id`, `body`, `created_at`) VALUES ('87', '341', '341', 'Ipsa pariatur eum est dolorem. Earum sint consectetur est. Tenetur eaque laudantium consequatur velit et dolore dicta.', '1970-07-15 17:01:20');
INSERT INTO `messages` (`id`, `from_user_id`, `to_user_id`, `body`, `created_at`) VALUES ('88', '347', '347', 'Aut omnis ut voluptatibus nobis. Cupiditate sed quibusdam illum. Impedit itaque vel ea alias. Inventore dolorem praesentium veritatis dolor magni facere ipsam et.', '2011-12-16 14:42:26');
INSERT INTO `messages` (`id`, `from_user_id`, `to_user_id`, `body`, `created_at`) VALUES ('89', '351', '351', 'Totam perferendis voluptates optio voluptatem tempore. Placeat optio numquam voluptatem sint sit incidunt. Et fugiat blanditiis voluptatum inventore non.', '2008-07-08 17:36:51');
INSERT INTO `messages` (`id`, `from_user_id`, `to_user_id`, `body`, `created_at`) VALUES ('90', '353', '353', 'Est et voluptatem ut in. Ut magnam qui est qui. Repudiandae laborum nihil rerum quia.', '2021-01-04 15:11:25');
INSERT INTO `messages` (`id`, `from_user_id`, `to_user_id`, `body`, `created_at`) VALUES ('91', '357', '357', 'Non et qui nesciunt saepe quae laboriosam molestias ullam. Molestias suscipit autem vel distinctio vel sed ut similique. Dolore id cum aut.', '1991-08-04 17:57:41');
INSERT INTO `messages` (`id`, `from_user_id`, `to_user_id`, `body`, `created_at`) VALUES ('92', '359', '359', 'Id commodi facilis minus repellat tempora non velit. Qui recusandae minus asperiores dolor. Id et et deserunt soluta dolorum. Molestiae qui nesciunt illo reprehenderit animi id.', '1973-09-16 20:02:39');
INSERT INTO `messages` (`id`, `from_user_id`, `to_user_id`, `body`, `created_at`) VALUES ('93', '360', '360', 'Dolorum ipsam qui laborum enim consectetur dignissimos illo. Perspiciatis sit officiis quo dolore eaque. Veniam perferendis non pariatur quidem optio.', '1970-05-08 18:23:27');
INSERT INTO `messages` (`id`, `from_user_id`, `to_user_id`, `body`, `created_at`) VALUES ('94', '362', '362', 'Natus corporis quo enim eveniet amet. Sed aliquid fugiat corporis atque est reiciendis eligendi. Eum optio nobis aperiam qui quis. Distinctio expedita animi rerum voluptatem minima. Quo saepe consequatur quo voluptas ut officia.', '1986-02-13 07:56:54');
INSERT INTO `messages` (`id`, `from_user_id`, `to_user_id`, `body`, `created_at`) VALUES ('95', '363', '363', 'Qui dicta recusandae quia saepe aliquam eaque. Fuga natus ad fugiat est. Harum ut illo ut earum impedit sit.', '1980-08-12 22:28:49');
INSERT INTO `messages` (`id`, `from_user_id`, `to_user_id`, `body`, `created_at`) VALUES ('96', '364', '364', 'Error quia quod in. Molestiae ratione quis ut voluptas laudantium aperiam numquam.', '2018-11-12 19:08:43');
INSERT INTO `messages` (`id`, `from_user_id`, `to_user_id`, `body`, `created_at`) VALUES ('97', '365', '365', 'Deleniti hic est at nisi. Incidunt quod labore exercitationem debitis et. Consequatur nam quia enim qui aliquam. Eaque rem consequuntur deleniti voluptas est.', '2001-02-22 21:43:10');
INSERT INTO `messages` (`id`, `from_user_id`, `to_user_id`, `body`, `created_at`) VALUES ('98', '367', '367', 'Iure dicta quasi ad similique quidem. Maxime et perspiciatis quis ex consequatur. Fuga repudiandae modi deleniti aut quod hic. Dolor et suscipit soluta.', '2006-07-13 22:38:24');
INSERT INTO `messages` (`id`, `from_user_id`, `to_user_id`, `body`, `created_at`) VALUES ('99', '368', '368', 'Minima nulla ea quia fugiat. Nostrum dolores assumenda ut rerum rerum. Quidem repellat porro perspiciatis impedit iste a. Qui perspiciatis omnis accusamus qui ea laboriosam consequatur.', '2012-09-28 14:16:17');
INSERT INTO `messages` (`id`, `from_user_id`, `to_user_id`, `body`, `created_at`) VALUES ('100', '372', '372', 'Quidem voluptates sunt qui perferendis a quia repellendus. Et excepturi et ab voluptatem nam nemo. A repellat aperiam consequatur tempora rerum esse est. Quia autem id est quae eum.', '1971-07-07 11:06:38');


#
# TABLE STRUCTURE FOR: photo_albums
#

DROP TABLE IF EXISTS `photo_albums`;

CREATE TABLE `photo_albums` (
  `id` bigint(20) unsigned NOT NULL AUTO_INCREMENT,
  `name` varchar(255) COLLATE utf8mb4_unicode_ci DEFAULT NULL,
  `user_id` bigint(20) unsigned DEFAULT NULL,
  PRIMARY KEY (`id`),
  UNIQUE KEY `id` (`id`),
  KEY `user_id` (`user_id`),
  CONSTRAINT `photo_albums_ibfk_1` FOREIGN KEY (`user_id`) REFERENCES `users` (`id`)
) ENGINE=InnoDB AUTO_INCREMENT=101 DEFAULT CHARSET=utf8mb4 COLLATE=utf8mb4_unicode_ci;

INSERT INTO `photo_albums` (`id`, `name`, `user_id`) VALUES ('1', 'repudiandae', '201');
INSERT INTO `photo_albums` (`id`, `name`, `user_id`) VALUES ('2', 'earum', '202');
INSERT INTO `photo_albums` (`id`, `name`, `user_id`) VALUES ('3', 'nemo', '203');
INSERT INTO `photo_albums` (`id`, `name`, `user_id`) VALUES ('4', 'commodi', '204');
INSERT INTO `photo_albums` (`id`, `name`, `user_id`) VALUES ('5', 'dignissimos', '205');
INSERT INTO `photo_albums` (`id`, `name`, `user_id`) VALUES ('6', 'et', '206');
INSERT INTO `photo_albums` (`id`, `name`, `user_id`) VALUES ('7', 'earum', '207');
INSERT INTO `photo_albums` (`id`, `name`, `user_id`) VALUES ('8', 'est', '208');
INSERT INTO `photo_albums` (`id`, `name`, `user_id`) VALUES ('9', 'eos', '210');
INSERT INTO `photo_albums` (`id`, `name`, `user_id`) VALUES ('10', 'voluptas', '212');
INSERT INTO `photo_albums` (`id`, `name`, `user_id`) VALUES ('11', 'omnis', '213');
INSERT INTO `photo_albums` (`id`, `name`, `user_id`) VALUES ('12', 'animi', '216');
INSERT INTO `photo_albums` (`id`, `name`, `user_id`) VALUES ('13', 'quo', '217');
INSERT INTO `photo_albums` (`id`, `name`, `user_id`) VALUES ('14', 'ipsum', '219');
INSERT INTO `photo_albums` (`id`, `name`, `user_id`) VALUES ('15', 'perspiciatis', '220');
INSERT INTO `photo_albums` (`id`, `name`, `user_id`) VALUES ('16', 'deserunt', '222');
INSERT INTO `photo_albums` (`id`, `name`, `user_id`) VALUES ('17', 'nemo', '227');
INSERT INTO `photo_albums` (`id`, `name`, `user_id`) VALUES ('18', 'repellat', '228');
INSERT INTO `photo_albums` (`id`, `name`, `user_id`) VALUES ('19', 'sit', '230');
INSERT INTO `photo_albums` (`id`, `name`, `user_id`) VALUES ('20', 'exercitationem', '231');
INSERT INTO `photo_albums` (`id`, `name`, `user_id`) VALUES ('21', 'fuga', '235');
INSERT INTO `photo_albums` (`id`, `name`, `user_id`) VALUES ('22', 'autem', '236');
INSERT INTO `photo_albums` (`id`, `name`, `user_id`) VALUES ('23', 'quaerat', '239');
INSERT INTO `photo_albums` (`id`, `name`, `user_id`) VALUES ('24', 'quis', '240');
INSERT INTO `photo_albums` (`id`, `name`, `user_id`) VALUES ('25', 'sequi', '241');
INSERT INTO `photo_albums` (`id`, `name`, `user_id`) VALUES ('26', 'quia', '243');
INSERT INTO `photo_albums` (`id`, `name`, `user_id`) VALUES ('27', 'facere', '245');
INSERT INTO `photo_albums` (`id`, `name`, `user_id`) VALUES ('28', 'odio', '246');
INSERT INTO `photo_albums` (`id`, `name`, `user_id`) VALUES ('29', 'sunt', '247');
INSERT INTO `photo_albums` (`id`, `name`, `user_id`) VALUES ('30', 'itaque', '248');
INSERT INTO `photo_albums` (`id`, `name`, `user_id`) VALUES ('31', 'earum', '249');
INSERT INTO `photo_albums` (`id`, `name`, `user_id`) VALUES ('32', 'pariatur', '250');
INSERT INTO `photo_albums` (`id`, `name`, `user_id`) VALUES ('33', 'ut', '253');
INSERT INTO `photo_albums` (`id`, `name`, `user_id`) VALUES ('34', 'impedit', '254');
INSERT INTO `photo_albums` (`id`, `name`, `user_id`) VALUES ('35', 'voluptates', '255');
INSERT INTO `photo_albums` (`id`, `name`, `user_id`) VALUES ('36', 'dolorum', '257');
INSERT INTO `photo_albums` (`id`, `name`, `user_id`) VALUES ('37', 'distinctio', '258');
INSERT INTO `photo_albums` (`id`, `name`, `user_id`) VALUES ('38', 'laudantium', '259');
INSERT INTO `photo_albums` (`id`, `name`, `user_id`) VALUES ('39', 'voluptatem', '260');
INSERT INTO `photo_albums` (`id`, `name`, `user_id`) VALUES ('40', 'dolores', '261');
INSERT INTO `photo_albums` (`id`, `name`, `user_id`) VALUES ('41', 'sit', '262');
INSERT INTO `photo_albums` (`id`, `name`, `user_id`) VALUES ('42', 'rerum', '263');
INSERT INTO `photo_albums` (`id`, `name`, `user_id`) VALUES ('43', 'dolore', '265');
INSERT INTO `photo_albums` (`id`, `name`, `user_id`) VALUES ('44', 'facere', '266');
INSERT INTO `photo_albums` (`id`, `name`, `user_id`) VALUES ('45', 'illum', '268');
INSERT INTO `photo_albums` (`id`, `name`, `user_id`) VALUES ('46', 'sunt', '269');
INSERT INTO `photo_albums` (`id`, `name`, `user_id`) VALUES ('47', 'accusamus', '270');
INSERT INTO `photo_albums` (`id`, `name`, `user_id`) VALUES ('48', 'enim', '271');
INSERT INTO `photo_albums` (`id`, `name`, `user_id`) VALUES ('49', 'reprehenderit', '273');
INSERT INTO `photo_albums` (`id`, `name`, `user_id`) VALUES ('50', 'enim', '275');
INSERT INTO `photo_albums` (`id`, `name`, `user_id`) VALUES ('51', 'velit', '277');
INSERT INTO `photo_albums` (`id`, `name`, `user_id`) VALUES ('52', 'dolorem', '278');
INSERT INTO `photo_albums` (`id`, `name`, `user_id`) VALUES ('53', 'eligendi', '279');
INSERT INTO `photo_albums` (`id`, `name`, `user_id`) VALUES ('54', 'voluptatem', '280');
INSERT INTO `photo_albums` (`id`, `name`, `user_id`) VALUES ('55', 'sit', '283');
INSERT INTO `photo_albums` (`id`, `name`, `user_id`) VALUES ('56', 'blanditiis', '284');
INSERT INTO `photo_albums` (`id`, `name`, `user_id`) VALUES ('57', 'molestiae', '285');
INSERT INTO `photo_albums` (`id`, `name`, `user_id`) VALUES ('58', 'libero', '287');
INSERT INTO `photo_albums` (`id`, `name`, `user_id`) VALUES ('59', 'blanditiis', '292');
INSERT INTO `photo_albums` (`id`, `name`, `user_id`) VALUES ('60', 'quia', '296');
INSERT INTO `photo_albums` (`id`, `name`, `user_id`) VALUES ('61', 'vel', '297');
INSERT INTO `photo_albums` (`id`, `name`, `user_id`) VALUES ('62', 'laboriosam', '298');
INSERT INTO `photo_albums` (`id`, `name`, `user_id`) VALUES ('63', 'consequatur', '301');
INSERT INTO `photo_albums` (`id`, `name`, `user_id`) VALUES ('64', 'nam', '302');
INSERT INTO `photo_albums` (`id`, `name`, `user_id`) VALUES ('65', 'itaque', '305');
INSERT INTO `photo_albums` (`id`, `name`, `user_id`) VALUES ('66', 'quam', '307');
INSERT INTO `photo_albums` (`id`, `name`, `user_id`) VALUES ('67', 'voluptatem', '310');
INSERT INTO `photo_albums` (`id`, `name`, `user_id`) VALUES ('68', 'at', '312');
INSERT INTO `photo_albums` (`id`, `name`, `user_id`) VALUES ('69', 'rerum', '313');
INSERT INTO `photo_albums` (`id`, `name`, `user_id`) VALUES ('70', 'odit', '316');
INSERT INTO `photo_albums` (`id`, `name`, `user_id`) VALUES ('71', 'quia', '317');
INSERT INTO `photo_albums` (`id`, `name`, `user_id`) VALUES ('72', 'ipsa', '318');
INSERT INTO `photo_albums` (`id`, `name`, `user_id`) VALUES ('73', 'exercitationem', '319');
INSERT INTO `photo_albums` (`id`, `name`, `user_id`) VALUES ('74', 'ratione', '320');
INSERT INTO `photo_albums` (`id`, `name`, `user_id`) VALUES ('75', 'et', '322');
INSERT INTO `photo_albums` (`id`, `name`, `user_id`) VALUES ('76', 'labore', '325');
INSERT INTO `photo_albums` (`id`, `name`, `user_id`) VALUES ('77', 'eum', '326');
INSERT INTO `photo_albums` (`id`, `name`, `user_id`) VALUES ('78', 'est', '329');
INSERT INTO `photo_albums` (`id`, `name`, `user_id`) VALUES ('79', 'et', '330');
INSERT INTO `photo_albums` (`id`, `name`, `user_id`) VALUES ('80', 'cumque', '331');
INSERT INTO `photo_albums` (`id`, `name`, `user_id`) VALUES ('81', 'dolores', '332');
INSERT INTO `photo_albums` (`id`, `name`, `user_id`) VALUES ('82', 'accusamus', '333');
INSERT INTO `photo_albums` (`id`, `name`, `user_id`) VALUES ('83', 'ipsam', '334');
INSERT INTO `photo_albums` (`id`, `name`, `user_id`) VALUES ('84', 'pariatur', '335');
INSERT INTO `photo_albums` (`id`, `name`, `user_id`) VALUES ('85', 'eos', '337');
INSERT INTO `photo_albums` (`id`, `name`, `user_id`) VALUES ('86', 'ea', '340');
INSERT INTO `photo_albums` (`id`, `name`, `user_id`) VALUES ('87', 'maxime', '341');
INSERT INTO `photo_albums` (`id`, `name`, `user_id`) VALUES ('88', 'hic', '347');
INSERT INTO `photo_albums` (`id`, `name`, `user_id`) VALUES ('89', 'rerum', '351');
INSERT INTO `photo_albums` (`id`, `name`, `user_id`) VALUES ('90', 'quia', '353');
INSERT INTO `photo_albums` (`id`, `name`, `user_id`) VALUES ('91', 'officiis', '357');
INSERT INTO `photo_albums` (`id`, `name`, `user_id`) VALUES ('92', 'molestiae', '359');
INSERT INTO `photo_albums` (`id`, `name`, `user_id`) VALUES ('93', 'cumque', '360');
INSERT INTO `photo_albums` (`id`, `name`, `user_id`) VALUES ('94', 'temporibus', '362');
INSERT INTO `photo_albums` (`id`, `name`, `user_id`) VALUES ('95', 'enim', '363');
INSERT INTO `photo_albums` (`id`, `name`, `user_id`) VALUES ('96', 'ut', '364');
INSERT INTO `photo_albums` (`id`, `name`, `user_id`) VALUES ('97', 'possimus', '365');
INSERT INTO `photo_albums` (`id`, `name`, `user_id`) VALUES ('98', 'maiores', '367');
INSERT INTO `photo_albums` (`id`, `name`, `user_id`) VALUES ('99', 'non', '368');
INSERT INTO `photo_albums` (`id`, `name`, `user_id`) VALUES ('100', 'beatae', '372');


#
# TABLE STRUCTURE FOR: photos
#

DROP TABLE IF EXISTS `photos`;

CREATE TABLE `photos` (
  `id` bigint(20) unsigned NOT NULL AUTO_INCREMENT,
  `album_id` bigint(20) unsigned DEFAULT NULL,
  `media_id` bigint(20) unsigned NOT NULL,
  UNIQUE KEY `id` (`id`),
  KEY `album_id` (`album_id`),
  KEY `media_id` (`media_id`),
  CONSTRAINT `photos_ibfk_1` FOREIGN KEY (`album_id`) REFERENCES `photo_albums` (`id`),
  CONSTRAINT `photos_ibfk_2` FOREIGN KEY (`media_id`) REFERENCES `media` (`id`)
) ENGINE=InnoDB AUTO_INCREMENT=101 DEFAULT CHARSET=utf8mb4 COLLATE=utf8mb4_unicode_ci;

INSERT INTO `photos` (`id`, `album_id`, `media_id`) VALUES ('1', '1', '1');
INSERT INTO `photos` (`id`, `album_id`, `media_id`) VALUES ('2', '2', '2');
INSERT INTO `photos` (`id`, `album_id`, `media_id`) VALUES ('3', '3', '3');
INSERT INTO `photos` (`id`, `album_id`, `media_id`) VALUES ('4', '4', '4');
INSERT INTO `photos` (`id`, `album_id`, `media_id`) VALUES ('5', '5', '5');
INSERT INTO `photos` (`id`, `album_id`, `media_id`) VALUES ('6', '6', '6');
INSERT INTO `photos` (`id`, `album_id`, `media_id`) VALUES ('7', '7', '7');
INSERT INTO `photos` (`id`, `album_id`, `media_id`) VALUES ('8', '8', '8');
INSERT INTO `photos` (`id`, `album_id`, `media_id`) VALUES ('9', '9', '9');
INSERT INTO `photos` (`id`, `album_id`, `media_id`) VALUES ('10', '10', '10');
INSERT INTO `photos` (`id`, `album_id`, `media_id`) VALUES ('11', '11', '11');
INSERT INTO `photos` (`id`, `album_id`, `media_id`) VALUES ('12', '12', '12');
INSERT INTO `photos` (`id`, `album_id`, `media_id`) VALUES ('13', '13', '13');
INSERT INTO `photos` (`id`, `album_id`, `media_id`) VALUES ('14', '14', '14');
INSERT INTO `photos` (`id`, `album_id`, `media_id`) VALUES ('15', '15', '15');
INSERT INTO `photos` (`id`, `album_id`, `media_id`) VALUES ('16', '16', '16');
INSERT INTO `photos` (`id`, `album_id`, `media_id`) VALUES ('17', '17', '17');
INSERT INTO `photos` (`id`, `album_id`, `media_id`) VALUES ('18', '18', '18');
INSERT INTO `photos` (`id`, `album_id`, `media_id`) VALUES ('19', '19', '19');
INSERT INTO `photos` (`id`, `album_id`, `media_id`) VALUES ('20', '20', '20');
INSERT INTO `photos` (`id`, `album_id`, `media_id`) VALUES ('21', '21', '21');
INSERT INTO `photos` (`id`, `album_id`, `media_id`) VALUES ('22', '22', '22');
INSERT INTO `photos` (`id`, `album_id`, `media_id`) VALUES ('23', '23', '23');
INSERT INTO `photos` (`id`, `album_id`, `media_id`) VALUES ('24', '24', '24');
INSERT INTO `photos` (`id`, `album_id`, `media_id`) VALUES ('25', '25', '25');
INSERT INTO `photos` (`id`, `album_id`, `media_id`) VALUES ('26', '26', '26');
INSERT INTO `photos` (`id`, `album_id`, `media_id`) VALUES ('27', '27', '27');
INSERT INTO `photos` (`id`, `album_id`, `media_id`) VALUES ('28', '28', '28');
INSERT INTO `photos` (`id`, `album_id`, `media_id`) VALUES ('29', '29', '29');
INSERT INTO `photos` (`id`, `album_id`, `media_id`) VALUES ('30', '30', '30');
INSERT INTO `photos` (`id`, `album_id`, `media_id`) VALUES ('31', '31', '31');
INSERT INTO `photos` (`id`, `album_id`, `media_id`) VALUES ('32', '32', '32');
INSERT INTO `photos` (`id`, `album_id`, `media_id`) VALUES ('33', '33', '33');
INSERT INTO `photos` (`id`, `album_id`, `media_id`) VALUES ('34', '34', '34');
INSERT INTO `photos` (`id`, `album_id`, `media_id`) VALUES ('35', '35', '35');
INSERT INTO `photos` (`id`, `album_id`, `media_id`) VALUES ('36', '36', '36');
INSERT INTO `photos` (`id`, `album_id`, `media_id`) VALUES ('37', '37', '37');
INSERT INTO `photos` (`id`, `album_id`, `media_id`) VALUES ('38', '38', '38');
INSERT INTO `photos` (`id`, `album_id`, `media_id`) VALUES ('39', '39', '39');
INSERT INTO `photos` (`id`, `album_id`, `media_id`) VALUES ('40', '40', '40');
INSERT INTO `photos` (`id`, `album_id`, `media_id`) VALUES ('41', '41', '41');
INSERT INTO `photos` (`id`, `album_id`, `media_id`) VALUES ('42', '42', '42');
INSERT INTO `photos` (`id`, `album_id`, `media_id`) VALUES ('43', '43', '43');
INSERT INTO `photos` (`id`, `album_id`, `media_id`) VALUES ('44', '44', '44');
INSERT INTO `photos` (`id`, `album_id`, `media_id`) VALUES ('45', '45', '45');
INSERT INTO `photos` (`id`, `album_id`, `media_id`) VALUES ('46', '46', '46');
INSERT INTO `photos` (`id`, `album_id`, `media_id`) VALUES ('47', '47', '47');
INSERT INTO `photos` (`id`, `album_id`, `media_id`) VALUES ('48', '48', '48');
INSERT INTO `photos` (`id`, `album_id`, `media_id`) VALUES ('49', '49', '49');
INSERT INTO `photos` (`id`, `album_id`, `media_id`) VALUES ('50', '50', '50');
INSERT INTO `photos` (`id`, `album_id`, `media_id`) VALUES ('51', '51', '51');
INSERT INTO `photos` (`id`, `album_id`, `media_id`) VALUES ('52', '52', '52');
INSERT INTO `photos` (`id`, `album_id`, `media_id`) VALUES ('53', '53', '53');
INSERT INTO `photos` (`id`, `album_id`, `media_id`) VALUES ('54', '54', '54');
INSERT INTO `photos` (`id`, `album_id`, `media_id`) VALUES ('55', '55', '55');
INSERT INTO `photos` (`id`, `album_id`, `media_id`) VALUES ('56', '56', '56');
INSERT INTO `photos` (`id`, `album_id`, `media_id`) VALUES ('57', '57', '57');
INSERT INTO `photos` (`id`, `album_id`, `media_id`) VALUES ('58', '58', '58');
INSERT INTO `photos` (`id`, `album_id`, `media_id`) VALUES ('59', '59', '59');
INSERT INTO `photos` (`id`, `album_id`, `media_id`) VALUES ('60', '60', '60');
INSERT INTO `photos` (`id`, `album_id`, `media_id`) VALUES ('61', '61', '61');
INSERT INTO `photos` (`id`, `album_id`, `media_id`) VALUES ('62', '62', '62');
INSERT INTO `photos` (`id`, `album_id`, `media_id`) VALUES ('63', '63', '63');
INSERT INTO `photos` (`id`, `album_id`, `media_id`) VALUES ('64', '64', '64');
INSERT INTO `photos` (`id`, `album_id`, `media_id`) VALUES ('65', '65', '65');
INSERT INTO `photos` (`id`, `album_id`, `media_id`) VALUES ('66', '66', '66');
INSERT INTO `photos` (`id`, `album_id`, `media_id`) VALUES ('67', '67', '67');
INSERT INTO `photos` (`id`, `album_id`, `media_id`) VALUES ('68', '68', '68');
INSERT INTO `photos` (`id`, `album_id`, `media_id`) VALUES ('69', '69', '69');
INSERT INTO `photos` (`id`, `album_id`, `media_id`) VALUES ('70', '70', '70');
INSERT INTO `photos` (`id`, `album_id`, `media_id`) VALUES ('71', '71', '71');
INSERT INTO `photos` (`id`, `album_id`, `media_id`) VALUES ('72', '72', '72');
INSERT INTO `photos` (`id`, `album_id`, `media_id`) VALUES ('73', '73', '73');
INSERT INTO `photos` (`id`, `album_id`, `media_id`) VALUES ('74', '74', '74');
INSERT INTO `photos` (`id`, `album_id`, `media_id`) VALUES ('75', '75', '75');
INSERT INTO `photos` (`id`, `album_id`, `media_id`) VALUES ('76', '76', '76');
INSERT INTO `photos` (`id`, `album_id`, `media_id`) VALUES ('77', '77', '77');
INSERT INTO `photos` (`id`, `album_id`, `media_id`) VALUES ('78', '78', '78');
INSERT INTO `photos` (`id`, `album_id`, `media_id`) VALUES ('79', '79', '79');
INSERT INTO `photos` (`id`, `album_id`, `media_id`) VALUES ('80', '80', '80');
INSERT INTO `photos` (`id`, `album_id`, `media_id`) VALUES ('81', '81', '81');
INSERT INTO `photos` (`id`, `album_id`, `media_id`) VALUES ('82', '82', '82');
INSERT INTO `photos` (`id`, `album_id`, `media_id`) VALUES ('83', '83', '83');
INSERT INTO `photos` (`id`, `album_id`, `media_id`) VALUES ('84', '84', '84');
INSERT INTO `photos` (`id`, `album_id`, `media_id`) VALUES ('85', '85', '85');
INSERT INTO `photos` (`id`, `album_id`, `media_id`) VALUES ('86', '86', '86');
INSERT INTO `photos` (`id`, `album_id`, `media_id`) VALUES ('87', '87', '87');
INSERT INTO `photos` (`id`, `album_id`, `media_id`) VALUES ('88', '88', '88');
INSERT INTO `photos` (`id`, `album_id`, `media_id`) VALUES ('89', '89', '89');
INSERT INTO `photos` (`id`, `album_id`, `media_id`) VALUES ('90', '90', '90');
INSERT INTO `photos` (`id`, `album_id`, `media_id`) VALUES ('91', '91', '91');
INSERT INTO `photos` (`id`, `album_id`, `media_id`) VALUES ('92', '92', '92');
INSERT INTO `photos` (`id`, `album_id`, `media_id`) VALUES ('93', '93', '93');
INSERT INTO `photos` (`id`, `album_id`, `media_id`) VALUES ('94', '94', '94');
INSERT INTO `photos` (`id`, `album_id`, `media_id`) VALUES ('95', '95', '95');
INSERT INTO `photos` (`id`, `album_id`, `media_id`) VALUES ('96', '96', '96');
INSERT INTO `photos` (`id`, `album_id`, `media_id`) VALUES ('97', '97', '97');
INSERT INTO `photos` (`id`, `album_id`, `media_id`) VALUES ('98', '98', '98');
INSERT INTO `photos` (`id`, `album_id`, `media_id`) VALUES ('99', '99', '99');
INSERT INTO `photos` (`id`, `album_id`, `media_id`) VALUES ('100', '100', '100');


#
# TABLE STRUCTURE FOR: profiles
#

DROP TABLE IF EXISTS `profiles`;

CREATE TABLE `profiles` (
  `user_id` bigint(20) unsigned NOT NULL,
  `gender` char(1) COLLATE utf8mb4_unicode_ci DEFAULT NULL,
  `birthday` date DEFAULT NULL,
  `photo_id` bigint(20) unsigned DEFAULT NULL,
  `created_at` datetime DEFAULT current_timestamp(),
  `hometown` varchar(100) COLLATE utf8mb4_unicode_ci DEFAULT NULL,
  UNIQUE KEY `user_id` (`user_id`),
  CONSTRAINT `fk_user_id` FOREIGN KEY (`user_id`) REFERENCES `users` (`id`) ON DELETE NO ACTION ON UPDATE CASCADE
) ENGINE=InnoDB DEFAULT CHARSET=utf8mb4 COLLATE=utf8mb4_unicode_ci;

INSERT INTO `profiles` (`user_id`, `gender`, `birthday`, `photo_id`, `created_at`, `hometown`) VALUES ('201', NULL, '1997-08-12', '1', '1981-10-26 21:00:40', NULL);
INSERT INTO `profiles` (`user_id`, `gender`, `birthday`, `photo_id`, `created_at`, `hometown`) VALUES ('202', NULL, '1979-10-03', '2', '2010-05-21 21:01:40', NULL);
INSERT INTO `profiles` (`user_id`, `gender`, `birthday`, `photo_id`, `created_at`, `hometown`) VALUES ('203', NULL, '2008-07-08', '3', '2016-12-11 16:18:41', NULL);
INSERT INTO `profiles` (`user_id`, `gender`, `birthday`, `photo_id`, `created_at`, `hometown`) VALUES ('204', NULL, '2001-07-10', '4', '2012-05-27 10:42:50', NULL);
INSERT INTO `profiles` (`user_id`, `gender`, `birthday`, `photo_id`, `created_at`, `hometown`) VALUES ('205', NULL, '2016-05-29', '5', '2009-12-12 22:47:52', NULL);
INSERT INTO `profiles` (`user_id`, `gender`, `birthday`, `photo_id`, `created_at`, `hometown`) VALUES ('206', NULL, '1993-06-24', '6', '1976-02-14 23:12:32', NULL);
INSERT INTO `profiles` (`user_id`, `gender`, `birthday`, `photo_id`, `created_at`, `hometown`) VALUES ('207', NULL, '2007-08-20', '7', '1982-02-22 21:57:37', NULL);
INSERT INTO `profiles` (`user_id`, `gender`, `birthday`, `photo_id`, `created_at`, `hometown`) VALUES ('208', NULL, '2020-11-24', '8', '1988-02-08 13:45:14', NULL);
INSERT INTO `profiles` (`user_id`, `gender`, `birthday`, `photo_id`, `created_at`, `hometown`) VALUES ('210', NULL, '1984-10-15', '9', '2011-01-31 08:03:37', NULL);
INSERT INTO `profiles` (`user_id`, `gender`, `birthday`, `photo_id`, `created_at`, `hometown`) VALUES ('212', NULL, '2008-01-22', '10', '2001-09-23 06:06:06', NULL);
INSERT INTO `profiles` (`user_id`, `gender`, `birthday`, `photo_id`, `created_at`, `hometown`) VALUES ('213', NULL, '1970-07-07', '11', '2000-10-16 16:47:25', NULL);
INSERT INTO `profiles` (`user_id`, `gender`, `birthday`, `photo_id`, `created_at`, `hometown`) VALUES ('216', NULL, '2002-02-18', '12', '1993-02-17 14:48:04', NULL);
INSERT INTO `profiles` (`user_id`, `gender`, `birthday`, `photo_id`, `created_at`, `hometown`) VALUES ('217', NULL, '1977-03-20', '13', '2007-03-21 10:35:28', NULL);
INSERT INTO `profiles` (`user_id`, `gender`, `birthday`, `photo_id`, `created_at`, `hometown`) VALUES ('219', NULL, '1993-03-31', '14', '1978-03-29 19:53:33', NULL);
INSERT INTO `profiles` (`user_id`, `gender`, `birthday`, `photo_id`, `created_at`, `hometown`) VALUES ('220', NULL, '1992-06-02', '15', '2003-12-02 14:27:54', NULL);
INSERT INTO `profiles` (`user_id`, `gender`, `birthday`, `photo_id`, `created_at`, `hometown`) VALUES ('222', NULL, '1985-06-05', '16', '1978-06-15 11:27:37', NULL);
INSERT INTO `profiles` (`user_id`, `gender`, `birthday`, `photo_id`, `created_at`, `hometown`) VALUES ('227', NULL, '1976-01-25', '17', '2012-05-22 22:30:41', NULL);
INSERT INTO `profiles` (`user_id`, `gender`, `birthday`, `photo_id`, `created_at`, `hometown`) VALUES ('228', NULL, '2005-10-25', '18', '1985-06-19 15:39:59', NULL);
INSERT INTO `profiles` (`user_id`, `gender`, `birthday`, `photo_id`, `created_at`, `hometown`) VALUES ('230', NULL, '2004-10-02', '19', '1982-01-25 05:14:55', NULL);
INSERT INTO `profiles` (`user_id`, `gender`, `birthday`, `photo_id`, `created_at`, `hometown`) VALUES ('231', NULL, '1988-04-09', '20', '2008-02-20 13:59:53', NULL);
INSERT INTO `profiles` (`user_id`, `gender`, `birthday`, `photo_id`, `created_at`, `hometown`) VALUES ('235', NULL, '2001-06-01', '21', '1979-09-04 16:51:20', NULL);
INSERT INTO `profiles` (`user_id`, `gender`, `birthday`, `photo_id`, `created_at`, `hometown`) VALUES ('236', NULL, '2013-01-18', '22', '1999-01-26 14:46:03', NULL);
INSERT INTO `profiles` (`user_id`, `gender`, `birthday`, `photo_id`, `created_at`, `hometown`) VALUES ('239', NULL, '1976-04-23', '23', '1998-08-06 07:30:05', NULL);
INSERT INTO `profiles` (`user_id`, `gender`, `birthday`, `photo_id`, `created_at`, `hometown`) VALUES ('240', NULL, '2007-02-24', '24', '1981-06-26 21:07:32', NULL);
INSERT INTO `profiles` (`user_id`, `gender`, `birthday`, `photo_id`, `created_at`, `hometown`) VALUES ('241', NULL, '2001-09-28', '25', '2012-09-07 08:07:08', NULL);
INSERT INTO `profiles` (`user_id`, `gender`, `birthday`, `photo_id`, `created_at`, `hometown`) VALUES ('243', NULL, '1989-01-01', '26', '2010-11-07 06:29:39', NULL);
INSERT INTO `profiles` (`user_id`, `gender`, `birthday`, `photo_id`, `created_at`, `hometown`) VALUES ('245', NULL, '2015-08-13', '27', '1990-04-10 01:05:41', NULL);
INSERT INTO `profiles` (`user_id`, `gender`, `birthday`, `photo_id`, `created_at`, `hometown`) VALUES ('246', NULL, '2000-07-27', '28', '2001-03-25 20:21:52', NULL);
INSERT INTO `profiles` (`user_id`, `gender`, `birthday`, `photo_id`, `created_at`, `hometown`) VALUES ('247', NULL, '1970-11-13', '29', '2010-09-08 01:12:47', NULL);
INSERT INTO `profiles` (`user_id`, `gender`, `birthday`, `photo_id`, `created_at`, `hometown`) VALUES ('248', NULL, '1997-11-30', '30', '2012-05-15 22:21:16', NULL);
INSERT INTO `profiles` (`user_id`, `gender`, `birthday`, `photo_id`, `created_at`, `hometown`) VALUES ('249', NULL, '1983-09-03', '31', '1975-04-16 10:57:57', NULL);
INSERT INTO `profiles` (`user_id`, `gender`, `birthday`, `photo_id`, `created_at`, `hometown`) VALUES ('250', NULL, '2021-01-06', '32', '1981-05-07 06:01:58', NULL);
INSERT INTO `profiles` (`user_id`, `gender`, `birthday`, `photo_id`, `created_at`, `hometown`) VALUES ('253', NULL, '2012-09-03', '33', '1980-01-13 14:05:37', NULL);
INSERT INTO `profiles` (`user_id`, `gender`, `birthday`, `photo_id`, `created_at`, `hometown`) VALUES ('254', NULL, '1984-10-31', '34', '1985-01-29 00:27:47', NULL);
INSERT INTO `profiles` (`user_id`, `gender`, `birthday`, `photo_id`, `created_at`, `hometown`) VALUES ('255', NULL, '1985-02-22', '35', '1982-10-12 19:13:12', NULL);
INSERT INTO `profiles` (`user_id`, `gender`, `birthday`, `photo_id`, `created_at`, `hometown`) VALUES ('257', NULL, '1994-11-04', '36', '1992-02-04 16:03:23', NULL);
INSERT INTO `profiles` (`user_id`, `gender`, `birthday`, `photo_id`, `created_at`, `hometown`) VALUES ('258', NULL, '2007-08-10', '37', '2006-01-02 19:56:53', NULL);
INSERT INTO `profiles` (`user_id`, `gender`, `birthday`, `photo_id`, `created_at`, `hometown`) VALUES ('259', NULL, '2012-04-23', '38', '1983-08-25 16:29:02', NULL);
INSERT INTO `profiles` (`user_id`, `gender`, `birthday`, `photo_id`, `created_at`, `hometown`) VALUES ('260', NULL, '2019-03-13', '39', '1972-07-05 20:07:48', NULL);
INSERT INTO `profiles` (`user_id`, `gender`, `birthday`, `photo_id`, `created_at`, `hometown`) VALUES ('261', NULL, '2018-11-21', '40', '1972-08-09 14:17:23', NULL);
INSERT INTO `profiles` (`user_id`, `gender`, `birthday`, `photo_id`, `created_at`, `hometown`) VALUES ('262', NULL, '1994-08-22', '41', '1994-08-08 02:35:34', NULL);
INSERT INTO `profiles` (`user_id`, `gender`, `birthday`, `photo_id`, `created_at`, `hometown`) VALUES ('263', NULL, '2003-04-25', '42', '1974-10-26 20:19:59', NULL);
INSERT INTO `profiles` (`user_id`, `gender`, `birthday`, `photo_id`, `created_at`, `hometown`) VALUES ('265', NULL, '2005-03-05', '43', '1985-05-31 01:33:31', NULL);
INSERT INTO `profiles` (`user_id`, `gender`, `birthday`, `photo_id`, `created_at`, `hometown`) VALUES ('266', NULL, '1999-08-10', '44', '1976-09-05 23:00:09', NULL);
INSERT INTO `profiles` (`user_id`, `gender`, `birthday`, `photo_id`, `created_at`, `hometown`) VALUES ('268', NULL, '1998-07-07', '45', '1982-02-16 17:57:22', NULL);
INSERT INTO `profiles` (`user_id`, `gender`, `birthday`, `photo_id`, `created_at`, `hometown`) VALUES ('269', NULL, '2001-08-30', '46', '2009-05-10 00:10:37', NULL);
INSERT INTO `profiles` (`user_id`, `gender`, `birthday`, `photo_id`, `created_at`, `hometown`) VALUES ('270', NULL, '1984-10-02', '47', '2004-02-01 14:57:54', NULL);
INSERT INTO `profiles` (`user_id`, `gender`, `birthday`, `photo_id`, `created_at`, `hometown`) VALUES ('271', NULL, '1977-03-05', '48', '2000-08-10 04:34:51', NULL);
INSERT INTO `profiles` (`user_id`, `gender`, `birthday`, `photo_id`, `created_at`, `hometown`) VALUES ('273', NULL, '2002-11-20', '49', '2007-12-01 01:59:26', NULL);
INSERT INTO `profiles` (`user_id`, `gender`, `birthday`, `photo_id`, `created_at`, `hometown`) VALUES ('275', NULL, '2011-07-04', '50', '1975-05-12 07:23:15', NULL);
INSERT INTO `profiles` (`user_id`, `gender`, `birthday`, `photo_id`, `created_at`, `hometown`) VALUES ('277', NULL, '2007-03-04', '51', '1979-04-13 15:02:16', NULL);
INSERT INTO `profiles` (`user_id`, `gender`, `birthday`, `photo_id`, `created_at`, `hometown`) VALUES ('278', NULL, '2008-11-07', '52', '1977-04-17 06:50:35', NULL);
INSERT INTO `profiles` (`user_id`, `gender`, `birthday`, `photo_id`, `created_at`, `hometown`) VALUES ('279', NULL, '1989-08-13', '53', '2008-01-03 12:11:43', NULL);
INSERT INTO `profiles` (`user_id`, `gender`, `birthday`, `photo_id`, `created_at`, `hometown`) VALUES ('280', NULL, '2009-05-08', '54', '1983-11-06 01:50:53', NULL);
INSERT INTO `profiles` (`user_id`, `gender`, `birthday`, `photo_id`, `created_at`, `hometown`) VALUES ('283', NULL, '1981-02-09', '55', '1999-06-22 12:24:22', NULL);
INSERT INTO `profiles` (`user_id`, `gender`, `birthday`, `photo_id`, `created_at`, `hometown`) VALUES ('284', NULL, '1995-02-26', '56', '2001-12-01 21:29:07', NULL);
INSERT INTO `profiles` (`user_id`, `gender`, `birthday`, `photo_id`, `created_at`, `hometown`) VALUES ('285', NULL, '1970-11-05', '57', '1997-09-27 04:12:27', NULL);
INSERT INTO `profiles` (`user_id`, `gender`, `birthday`, `photo_id`, `created_at`, `hometown`) VALUES ('287', NULL, '1970-05-04', '58', '1991-03-25 16:35:02', NULL);
INSERT INTO `profiles` (`user_id`, `gender`, `birthday`, `photo_id`, `created_at`, `hometown`) VALUES ('292', NULL, '2009-07-22', '59', '2009-05-06 02:08:16', NULL);
INSERT INTO `profiles` (`user_id`, `gender`, `birthday`, `photo_id`, `created_at`, `hometown`) VALUES ('296', NULL, '1995-01-19', '60', '1973-10-06 12:16:00', NULL);
INSERT INTO `profiles` (`user_id`, `gender`, `birthday`, `photo_id`, `created_at`, `hometown`) VALUES ('297', NULL, '1994-08-13', '61', '1972-05-22 03:13:57', NULL);
INSERT INTO `profiles` (`user_id`, `gender`, `birthday`, `photo_id`, `created_at`, `hometown`) VALUES ('298', NULL, '2019-04-02', '62', '2001-07-10 03:53:29', NULL);
INSERT INTO `profiles` (`user_id`, `gender`, `birthday`, `photo_id`, `created_at`, `hometown`) VALUES ('301', NULL, '1976-08-20', '63', '2003-09-04 09:10:10', NULL);
INSERT INTO `profiles` (`user_id`, `gender`, `birthday`, `photo_id`, `created_at`, `hometown`) VALUES ('302', NULL, '1984-03-17', '64', '2007-10-31 13:26:17', NULL);
INSERT INTO `profiles` (`user_id`, `gender`, `birthday`, `photo_id`, `created_at`, `hometown`) VALUES ('305', NULL, '2018-09-09', '65', '1978-09-17 04:11:22', NULL);
INSERT INTO `profiles` (`user_id`, `gender`, `birthday`, `photo_id`, `created_at`, `hometown`) VALUES ('307', NULL, '1994-12-08', '66', '2013-01-11 06:46:42', NULL);
INSERT INTO `profiles` (`user_id`, `gender`, `birthday`, `photo_id`, `created_at`, `hometown`) VALUES ('310', NULL, '2010-04-28', '67', '2003-10-06 17:37:24', NULL);
INSERT INTO `profiles` (`user_id`, `gender`, `birthday`, `photo_id`, `created_at`, `hometown`) VALUES ('312', NULL, '1986-12-11', '68', '1989-02-28 02:44:42', NULL);
INSERT INTO `profiles` (`user_id`, `gender`, `birthday`, `photo_id`, `created_at`, `hometown`) VALUES ('313', NULL, '1979-03-13', '69', '1999-03-13 16:29:56', NULL);
INSERT INTO `profiles` (`user_id`, `gender`, `birthday`, `photo_id`, `created_at`, `hometown`) VALUES ('316', NULL, '1971-04-05', '70', '2001-09-26 20:33:38', NULL);
INSERT INTO `profiles` (`user_id`, `gender`, `birthday`, `photo_id`, `created_at`, `hometown`) VALUES ('317', NULL, '1988-08-23', '71', '2006-09-16 11:08:31', NULL);
INSERT INTO `profiles` (`user_id`, `gender`, `birthday`, `photo_id`, `created_at`, `hometown`) VALUES ('318', NULL, '2009-05-12', '72', '1981-07-16 19:32:55', NULL);
INSERT INTO `profiles` (`user_id`, `gender`, `birthday`, `photo_id`, `created_at`, `hometown`) VALUES ('319', NULL, '1999-01-19', '73', '1982-02-07 12:53:28', NULL);
INSERT INTO `profiles` (`user_id`, `gender`, `birthday`, `photo_id`, `created_at`, `hometown`) VALUES ('320', NULL, '1998-02-25', '74', '2008-12-04 23:36:52', NULL);
INSERT INTO `profiles` (`user_id`, `gender`, `birthday`, `photo_id`, `created_at`, `hometown`) VALUES ('322', NULL, '2012-11-24', '75', '1989-08-28 22:07:23', NULL);
INSERT INTO `profiles` (`user_id`, `gender`, `birthday`, `photo_id`, `created_at`, `hometown`) VALUES ('325', NULL, '1970-01-03', '76', '1982-04-16 22:56:25', NULL);
INSERT INTO `profiles` (`user_id`, `gender`, `birthday`, `photo_id`, `created_at`, `hometown`) VALUES ('326', NULL, '2001-08-27', '77', '2018-05-01 19:02:09', NULL);
INSERT INTO `profiles` (`user_id`, `gender`, `birthday`, `photo_id`, `created_at`, `hometown`) VALUES ('329', NULL, '1997-10-29', '78', '1985-04-11 10:13:02', NULL);
INSERT INTO `profiles` (`user_id`, `gender`, `birthday`, `photo_id`, `created_at`, `hometown`) VALUES ('330', NULL, '1984-03-23', '79', '1971-07-01 00:58:08', NULL);
INSERT INTO `profiles` (`user_id`, `gender`, `birthday`, `photo_id`, `created_at`, `hometown`) VALUES ('331', NULL, '2010-11-24', '80', '2011-04-21 18:17:37', NULL);
INSERT INTO `profiles` (`user_id`, `gender`, `birthday`, `photo_id`, `created_at`, `hometown`) VALUES ('332', NULL, '2002-04-23', '81', '1990-02-20 05:53:24', NULL);
INSERT INTO `profiles` (`user_id`, `gender`, `birthday`, `photo_id`, `created_at`, `hometown`) VALUES ('333', NULL, '2003-11-16', '82', '2001-05-21 10:57:47', NULL);
INSERT INTO `profiles` (`user_id`, `gender`, `birthday`, `photo_id`, `created_at`, `hometown`) VALUES ('334', NULL, '2011-09-12', '83', '1977-03-29 22:48:20', NULL);
INSERT INTO `profiles` (`user_id`, `gender`, `birthday`, `photo_id`, `created_at`, `hometown`) VALUES ('335', NULL, '2000-08-01', '84', '1985-11-21 21:15:10', NULL);
INSERT INTO `profiles` (`user_id`, `gender`, `birthday`, `photo_id`, `created_at`, `hometown`) VALUES ('337', NULL, '1970-08-22', '85', '2018-01-02 22:19:57', NULL);
INSERT INTO `profiles` (`user_id`, `gender`, `birthday`, `photo_id`, `created_at`, `hometown`) VALUES ('340', NULL, '1988-08-15', '86', '1973-01-17 19:41:06', NULL);
INSERT INTO `profiles` (`user_id`, `gender`, `birthday`, `photo_id`, `created_at`, `hometown`) VALUES ('341', NULL, '2006-03-13', '87', '1984-04-08 01:32:30', NULL);
INSERT INTO `profiles` (`user_id`, `gender`, `birthday`, `photo_id`, `created_at`, `hometown`) VALUES ('347', NULL, '1973-10-20', '88', '2020-10-08 19:11:20', NULL);
INSERT INTO `profiles` (`user_id`, `gender`, `birthday`, `photo_id`, `created_at`, `hometown`) VALUES ('351', NULL, '1980-08-03', '89', '1973-10-15 03:55:41', NULL);
INSERT INTO `profiles` (`user_id`, `gender`, `birthday`, `photo_id`, `created_at`, `hometown`) VALUES ('353', NULL, '1971-06-23', '90', '1971-02-13 03:12:49', NULL);
INSERT INTO `profiles` (`user_id`, `gender`, `birthday`, `photo_id`, `created_at`, `hometown`) VALUES ('357', NULL, '2002-11-03', '91', '1989-01-03 14:44:06', NULL);
INSERT INTO `profiles` (`user_id`, `gender`, `birthday`, `photo_id`, `created_at`, `hometown`) VALUES ('359', NULL, '1985-11-24', '92', '1980-01-19 01:29:20', NULL);
INSERT INTO `profiles` (`user_id`, `gender`, `birthday`, `photo_id`, `created_at`, `hometown`) VALUES ('360', NULL, '2009-07-28', '93', '1977-05-21 20:27:22', NULL);
INSERT INTO `profiles` (`user_id`, `gender`, `birthday`, `photo_id`, `created_at`, `hometown`) VALUES ('362', NULL, '1979-08-27', '94', '2004-12-27 00:28:42', NULL);
INSERT INTO `profiles` (`user_id`, `gender`, `birthday`, `photo_id`, `created_at`, `hometown`) VALUES ('363', NULL, '1984-11-18', '95', '2014-12-09 12:36:54', NULL);
INSERT INTO `profiles` (`user_id`, `gender`, `birthday`, `photo_id`, `created_at`, `hometown`) VALUES ('364', NULL, '1970-06-29', '96', '1971-09-26 08:42:15', NULL);
INSERT INTO `profiles` (`user_id`, `gender`, `birthday`, `photo_id`, `created_at`, `hometown`) VALUES ('365', NULL, '2002-04-30', '97', '1991-06-21 22:57:18', NULL);
INSERT INTO `profiles` (`user_id`, `gender`, `birthday`, `photo_id`, `created_at`, `hometown`) VALUES ('367', NULL, '2013-11-04', '98', '1988-06-15 08:36:09', NULL);
INSERT INTO `profiles` (`user_id`, `gender`, `birthday`, `photo_id`, `created_at`, `hometown`) VALUES ('368', NULL, '1972-04-06', '99', '2009-05-10 15:33:55', NULL);
INSERT INTO `profiles` (`user_id`, `gender`, `birthday`, `photo_id`, `created_at`, `hometown`) VALUES ('372', NULL, '2019-07-20', '100', '1991-02-08 17:14:27', NULL);


#
# TABLE STRUCTURE FOR: users
#

DROP TABLE IF EXISTS `users`;

CREATE TABLE `users` (
  `id` bigint(20) unsigned NOT NULL AUTO_INCREMENT,
  `firstname` varchar(50) COLLATE utf8mb4_unicode_ci DEFAULT NULL,
  `lastname` varchar(50) COLLATE utf8mb4_unicode_ci DEFAULT NULL COMMENT '',
  `email` varchar(120) COLLATE utf8mb4_unicode_ci DEFAULT NULL,
  `password_hash` varchar(100) COLLATE utf8mb4_unicode_ci DEFAULT NULL,
  `phone` bigint(20) unsigned DEFAULT NULL,
  PRIMARY KEY (`id`),
  UNIQUE KEY `email` (`email`),
  UNIQUE KEY `phone` (`phone`),
  KEY `users_firstname_lastname_idx` (`firstname`,`lastname`)
) ENGINE=InnoDB AUTO_INCREMENT=401 DEFAULT CHARSET=utf8mb4 COLLATE=utf8mb4_unicode_ci COMMENT='';

INSERT INTO `users` (`id`, `firstname`, `lastname`, `email`, `password_hash`, `phone`) VALUES ('201', 'Felipe', 'Pacocha', 'hhand@example.com', '734452431212910d9b9b286af12bffbfb1817371', '393544');
INSERT INTO `users` (`id`, `firstname`, `lastname`, `email`, `password_hash`, `phone`) VALUES ('202', 'Mariane', 'Lang', 'elvera26@example.net', '8cd639a4e7b5d877ee423e6c223f2969ac4e8033', '0');
INSERT INTO `users` (`id`, `firstname`, `lastname`, `email`, `password_hash`, `phone`) VALUES ('203', 'King', 'O\'Kon', 'lakin.ford@example.net', '94195fdb5b483160cef2402d77d221b9bff91405', '81964');
INSERT INTO `users` (`id`, `firstname`, `lastname`, `email`, `password_hash`, `phone`) VALUES ('204', 'Carissa', 'Kuhic', 'casimir38@example.org', 'f0dd1c5ce15d13fccff3bbbac507df5f68630f24', '1');
INSERT INTO `users` (`id`, `firstname`, `lastname`, `email`, `password_hash`, `phone`) VALUES ('205', 'Nolan', 'O\'Kon', 'fritsch.jayce@example.org', '8f4316475a6e0172d3592799b4cc0438a78ad0ac', '3');
INSERT INTO `users` (`id`, `firstname`, `lastname`, `email`, `password_hash`, `phone`) VALUES ('206', 'Adalberto', 'Lynch', 'ahilpert@example.com', '615bf3ac31d9f2dec6b99d2ffeab096ee2c9e084', '9440');
INSERT INTO `users` (`id`, `firstname`, `lastname`, `email`, `password_hash`, `phone`) VALUES ('207', 'Destiney', 'Stamm', 'russel.marge@example.com', '954e2815d6d2548144271526849131783478cf77', '439');
INSERT INTO `users` (`id`, `firstname`, `lastname`, `email`, `password_hash`, `phone`) VALUES ('208', 'Noelia', 'Ziemann', 'carli10@example.net', '9329f91accf851c40fe50290b2dd5ad3a1c38fe5', '697');
INSERT INTO `users` (`id`, `firstname`, `lastname`, `email`, `password_hash`, `phone`) VALUES ('210', 'Kennedi', 'Torphy', 'nkoepp@example.com', 'f2b890e0bf9dd998586d801ccf932289b7520d51', '576091170');
INSERT INTO `users` (`id`, `firstname`, `lastname`, `email`, `password_hash`, `phone`) VALUES ('212', 'Marcus', 'O\'Kon', 'cturcotte@example.org', '49f6a0e25dfe2f4dfe6bcfa63a92b68c34095995', '855794');
INSERT INTO `users` (`id`, `firstname`, `lastname`, `email`, `password_hash`, `phone`) VALUES ('213', 'Meredith', 'Luettgen', 'zdonnelly@example.org', '09e9194035ac1a45ef90aed345bcabeb59218196', '780239138');
INSERT INTO `users` (`id`, `firstname`, `lastname`, `email`, `password_hash`, `phone`) VALUES ('216', 'Alexis', 'Bogisich', 'lkshlerin@example.org', '8a37cca99cbfeff89f93d080382a6fc0fe8f92e1', '4794343783');
INSERT INTO `users` (`id`, `firstname`, `lastname`, `email`, `password_hash`, `phone`) VALUES ('217', 'Ottilie', 'Abshire', 'farrell.yadira@example.org', '0327ed2635f55bac16fb118f14cb3c057840059b', '22253');
INSERT INTO `users` (`id`, `firstname`, `lastname`, `email`, `password_hash`, `phone`) VALUES ('219', 'Reed', 'Bartoletti', 'adriel34@example.org', 'afec5ce48f1264c1e29ea41b95fa86c2d2885890', '612504');
INSERT INTO `users` (`id`, `firstname`, `lastname`, `email`, `password_hash`, `phone`) VALUES ('220', 'Mohammad', 'Conroy', 'bergstrom.julian@example.com', '568c7d9a4290ca533c0db39a1410c63d5f5b689e', '2506943398');
INSERT INTO `users` (`id`, `firstname`, `lastname`, `email`, `password_hash`, `phone`) VALUES ('222', 'Lulu', 'Daniel', 'pearl77@example.org', 'a873f0ef9b4b5929aab768d4a8ca586a3bbfdc1e', '141467');
INSERT INTO `users` (`id`, `firstname`, `lastname`, `email`, `password_hash`, `phone`) VALUES ('227', 'Tyrese', 'Klocko', 'nadia.boehm@example.com', '84ffa1524b7bae3a39db46dfcbd5db43c789043e', '309617');
INSERT INTO `users` (`id`, `firstname`, `lastname`, `email`, `password_hash`, `phone`) VALUES ('228', 'Chesley', 'Okuneva', 'heathcote.petra@example.org', '532a08d1d2868200a1cd9417ed4d309f0dd96c4b', '7828695154');
INSERT INTO `users` (`id`, `firstname`, `lastname`, `email`, `password_hash`, `phone`) VALUES ('230', 'Chelsey', 'Feest', 'horace45@example.net', 'c8bef9e8e3cbc4d865d8661706613c602df76633', '560');
INSERT INTO `users` (`id`, `firstname`, `lastname`, `email`, `password_hash`, `phone`) VALUES ('231', 'Arne', 'Weissnat', 'lydia08@example.net', '87f1003fa2b49c54656468b00d3b5072639c68ea', '946');
INSERT INTO `users` (`id`, `firstname`, `lastname`, `email`, `password_hash`, `phone`) VALUES ('235', 'Demond', 'Dietrich', 'qschroeder@example.org', 'cecd2ea1ecf67c9e12ee8437951d8b57f187b14b', '99668');
INSERT INTO `users` (`id`, `firstname`, `lastname`, `email`, `password_hash`, `phone`) VALUES ('236', 'Mozell', 'Boyle', 'ybarton@example.com', '50762ffc4645aa59bd75ca42b744433a0d293f54', '18');
INSERT INTO `users` (`id`, `firstname`, `lastname`, `email`, `password_hash`, `phone`) VALUES ('239', 'Anderson', 'Bashirian', 'mweimann@example.org', 'd130c3331725067fefe8e7f3ebcc5bd7f5a52923', '740503');
INSERT INTO `users` (`id`, `firstname`, `lastname`, `email`, `password_hash`, `phone`) VALUES ('240', 'Rodrigo', 'Bradtke', 'barrows.hattie@example.org', 'ba11eba5353093b68aeb098ede3862fa148f5b9d', '4040272747');
INSERT INTO `users` (`id`, `firstname`, `lastname`, `email`, `password_hash`, `phone`) VALUES ('241', 'Connor', 'O\'Keefe', 'ytrantow@example.net', 'a2833fcaee11506f70eb2a3650962c60b8c34c84', '3516066357');
INSERT INTO `users` (`id`, `firstname`, `lastname`, `email`, `password_hash`, `phone`) VALUES ('243', 'Kiera', 'Rohan', 'ervin05@example.com', '718d8b7255a40785ec22f018165bf8f9a052c561', '492');
INSERT INTO `users` (`id`, `firstname`, `lastname`, `email`, `password_hash`, `phone`) VALUES ('245', 'Cynthia', 'Gutmann', 'bjaskolski@example.net', 'e7771849af50279edc75720e016fdeda198944a1', '81');
INSERT INTO `users` (`id`, `firstname`, `lastname`, `email`, `password_hash`, `phone`) VALUES ('246', 'Carolanne', 'Jerde', 'adrienne16@example.net', '1db9f77d301d804e92e5b1f482df71754bf9e9af', '692732');
INSERT INTO `users` (`id`, `firstname`, `lastname`, `email`, `password_hash`, `phone`) VALUES ('247', 'Horacio', 'Rempel', 'ohills@example.net', 'd373df3f43d023000ad89e3ee1003d19f80b2361', '67');
INSERT INTO `users` (`id`, `firstname`, `lastname`, `email`, `password_hash`, `phone`) VALUES ('248', 'Billie', 'Aufderhar', 'eli75@example.org', 'd725598347de68b39de42eaebc906d3c60b9e0a1', '793');
INSERT INTO `users` (`id`, `firstname`, `lastname`, `email`, `password_hash`, `phone`) VALUES ('249', 'Tamara', 'Hudson', 'galtenwerth@example.net', '8b7fedad5331536afbfdbffb92818816c7cdf6f5', '688');
INSERT INTO `users` (`id`, `firstname`, `lastname`, `email`, `password_hash`, `phone`) VALUES ('250', 'Candelario', 'Kerluke', 'witting.greta@example.org', 'c57f6ec5233abeedfb915048281cdc536aea325d', '744910');
INSERT INTO `users` (`id`, `firstname`, `lastname`, `email`, `password_hash`, `phone`) VALUES ('253', 'Bette', 'Gusikowski', 'sage.o\'keefe@example.com', '171a400206de8f394311d1373125f3dcad3c5aad', '464493');
INSERT INTO `users` (`id`, `firstname`, `lastname`, `email`, `password_hash`, `phone`) VALUES ('254', 'Mohamed', 'Bartoletti', 'edna07@example.org', 'c1fc751f73a686d20045cc98d9b96f90ca0bf67e', '308');
INSERT INTO `users` (`id`, `firstname`, `lastname`, `email`, `password_hash`, `phone`) VALUES ('255', 'Helena', 'Stroman', 'schultz.elbert@example.net', '229e4f6614520b87d6db68c7c3e8ab3d17d2e3f6', '55064');
INSERT INTO `users` (`id`, `firstname`, `lastname`, `email`, `password_hash`, `phone`) VALUES ('257', 'Stone', 'Sporer', 'tony58@example.org', 'f4b28866c2bb15d6074e733269eafe9ec8490dea', '9094609127');
INSERT INTO `users` (`id`, `firstname`, `lastname`, `email`, `password_hash`, `phone`) VALUES ('258', 'Kole', 'Daugherty', 'dovie43@example.com', 'd9e0a6fb4dda21d623c44345e392647dec3e5a36', '517');
INSERT INTO `users` (`id`, `firstname`, `lastname`, `email`, `password_hash`, `phone`) VALUES ('259', 'Zachariah', 'Harvey', 'frances22@example.com', '51bffe71bda55ff5a7c94daf4454963062cbf79b', '8218303309');
INSERT INTO `users` (`id`, `firstname`, `lastname`, `email`, `password_hash`, `phone`) VALUES ('260', 'Sibyl', 'Howe', 'niko15@example.org', '8ba8b18deb2238647166a86362cb65b56bcdfe07', '2858857002');
INSERT INTO `users` (`id`, `firstname`, `lastname`, `email`, `password_hash`, `phone`) VALUES ('261', 'Lisette', 'Greenholt', 'ubartell@example.net', '29f75e54b21160a71912260de19ec86fdd99eda4', '771215');
INSERT INTO `users` (`id`, `firstname`, `lastname`, `email`, `password_hash`, `phone`) VALUES ('262', 'Justina', 'Ritchie', 'bartell.ernie@example.com', '8aa9112a1a9d34bed2a91a74c54cfe3e9c338453', '93');
INSERT INTO `users` (`id`, `firstname`, `lastname`, `email`, `password_hash`, `phone`) VALUES ('263', 'Carlos', 'Nitzsche', 'mpredovic@example.com', '7c4d03834cd224acb1557ba7de3c0a19fbe97487', '502');
INSERT INTO `users` (`id`, `firstname`, `lastname`, `email`, `password_hash`, `phone`) VALUES ('265', 'Marietta', 'Jaskolski', 'sbeer@example.net', 'd000743c95fcf2d188c31537707c3df7e7ff130e', '772747');
INSERT INTO `users` (`id`, `firstname`, `lastname`, `email`, `password_hash`, `phone`) VALUES ('266', 'Coleman', 'O\'Hara', 'jocelyn.grady@example.org', '9d39f45269149310a4e411a02079f6e069b357e5', '36');
INSERT INTO `users` (`id`, `firstname`, `lastname`, `email`, `password_hash`, `phone`) VALUES ('268', 'Eugenia', 'Senger', 'gutkowski.broderick@example.net', '043349260e650d435430389865c37fc619518477', '332156');
INSERT INTO `users` (`id`, `firstname`, `lastname`, `email`, `password_hash`, `phone`) VALUES ('269', 'Domingo', 'Klein', 'bayer.nia@example.net', '9092a3712e29cb0d0554e284555c0e5de729fa1a', '801565');
INSERT INTO `users` (`id`, `firstname`, `lastname`, `email`, `password_hash`, `phone`) VALUES ('270', 'Jarvis', 'Gleason', 'enolan@example.org', '939240a5ed3b44694a066178c8ace63b8cb7d969', '587860');
INSERT INTO `users` (`id`, `firstname`, `lastname`, `email`, `password_hash`, `phone`) VALUES ('271', 'Elizabeth', 'Hamill', 'khalid47@example.com', '3ac2188a1baec06b5111ea45436ec400e044fb2c', '438623');
INSERT INTO `users` (`id`, `firstname`, `lastname`, `email`, `password_hash`, `phone`) VALUES ('273', 'Ana', 'Ledner', 'freddie23@example.com', '5c6e6835f478b386356d16c7fdd0e7b1b0037cc4', '438');
INSERT INTO `users` (`id`, `firstname`, `lastname`, `email`, `password_hash`, `phone`) VALUES ('275', 'Stephon', 'Lehner', 'waters.lia@example.org', '6192ba45b033785e55815e058e22b46fa3f485be', '151');
INSERT INTO `users` (`id`, `firstname`, `lastname`, `email`, `password_hash`, `phone`) VALUES ('277', 'Dayna', 'Klocko', 'ernser.matilda@example.org', '41f22428da369c50de3e07ab265cd87838680858', '784613');
INSERT INTO `users` (`id`, `firstname`, `lastname`, `email`, `password_hash`, `phone`) VALUES ('278', 'Karl', 'Ullrich', 'nbaumbach@example.net', '99f6cb5032c1b22142a3579921853436d1f70315', '331');
INSERT INTO `users` (`id`, `firstname`, `lastname`, `email`, `password_hash`, `phone`) VALUES ('279', 'Joshuah', 'McDermott', 'alan86@example.com', 'ee3ab8faf25658adb285f33099d9863f84e6a8cf', '347461');
INSERT INTO `users` (`id`, `firstname`, `lastname`, `email`, `password_hash`, `phone`) VALUES ('280', 'Ford', 'Yundt', 'lilyan96@example.com', 'aae3721c1df9ea07f7b7eb0a01b6bdc89981dcda', '263');
INSERT INTO `users` (`id`, `firstname`, `lastname`, `email`, `password_hash`, `phone`) VALUES ('283', 'Vesta', 'Thiel', 'nkreiger@example.net', 'a5886aded86f44e2fff5777696eab7e7893c7a2c', '886');
INSERT INTO `users` (`id`, `firstname`, `lastname`, `email`, `password_hash`, `phone`) VALUES ('284', 'Darian', 'Klein', 'christopher46@example.com', '39f3115c469ea6e7307f99db7aa91be0ba8f09a0', '549');
INSERT INTO `users` (`id`, `firstname`, `lastname`, `email`, `password_hash`, `phone`) VALUES ('285', 'Marisa', 'Conn', 'bernard.sanford@example.com', '438751628925ea13cfd1b4f45116a16e1ad3ae52', '393881');
INSERT INTO `users` (`id`, `firstname`, `lastname`, `email`, `password_hash`, `phone`) VALUES ('287', 'Dustin', 'Price', 'roxanne81@example.net', 'ede0be62a74a7c57ea3e6ad8fcb220e386091f4b', '110996923');
INSERT INTO `users` (`id`, `firstname`, `lastname`, `email`, `password_hash`, `phone`) VALUES ('292', 'Jose', 'Halvorson', 'anthony20@example.com', '4e319c9fdf9528ade86e319e1e3e617b835755a4', '537');
INSERT INTO `users` (`id`, `firstname`, `lastname`, `email`, `password_hash`, `phone`) VALUES ('296', 'Jannie', 'Pagac', 'paula.kautzer@example.org', '8d6526fcb1f9b17e9d7ac3191acaffa166cc68a0', '431874');
INSERT INTO `users` (`id`, `firstname`, `lastname`, `email`, `password_hash`, `phone`) VALUES ('297', 'Alejandra', 'Dare', 'bcrooks@example.net', 'd394484d1211c445bb8e240b1e2dad74cb0aac59', '42');
INSERT INTO `users` (`id`, `firstname`, `lastname`, `email`, `password_hash`, `phone`) VALUES ('298', 'Hildegard', 'Larkin', 'karianne41@example.org', '4bd7c83b087d9613242833e7958be27a9e2f237f', '323');
INSERT INTO `users` (`id`, `firstname`, `lastname`, `email`, `password_hash`, `phone`) VALUES ('301', 'Kiera', 'Zemlak', 'ismitham@example.net', '174afe1c8c585adcec9927a31998f06ea231b7e8', '882623');
INSERT INTO `users` (`id`, `firstname`, `lastname`, `email`, `password_hash`, `phone`) VALUES ('302', 'Raymond', 'Lang', 'dubuque.stanton@example.org', 'e7a9590af7f1e5096a8e11a1df74e0032d2f12fb', '694249');
INSERT INTO `users` (`id`, `firstname`, `lastname`, `email`, `password_hash`, `phone`) VALUES ('305', 'Kip', 'Ritchie', 'bailee.lehner@example.com', '746f0ad8e65198ad8fe2f1ece267b090519b36bd', '794728787');
INSERT INTO `users` (`id`, `firstname`, `lastname`, `email`, `password_hash`, `phone`) VALUES ('307', 'Braulio', 'Gaylord', 'lillie.tillman@example.org', 'eebdd0c9eacee05835a59a02d3bedbc77e2245bd', '65');
INSERT INTO `users` (`id`, `firstname`, `lastname`, `email`, `password_hash`, `phone`) VALUES ('310', 'Garrick', 'Walsh', 'pollich.skyla@example.com', '45af9f7e9417c3ee2452931b647d44a20a93f5c5', '800');
INSERT INTO `users` (`id`, `firstname`, `lastname`, `email`, `password_hash`, `phone`) VALUES ('312', 'Craig', 'Langworth', 'herminia32@example.net', 'f85a9d1c10c43645b5eb66e8b03614c4c1191a7a', '475');
INSERT INTO `users` (`id`, `firstname`, `lastname`, `email`, `password_hash`, `phone`) VALUES ('313', 'Reta', 'Simonis', 'psmith@example.net', '3f54d6e08758399dd2e63fd8944c3e3a32523f27', '163');
INSERT INTO `users` (`id`, `firstname`, `lastname`, `email`, `password_hash`, `phone`) VALUES ('316', 'Elinor', 'Harber', 'beatty.jailyn@example.com', 'd512bfe190f217891a65246f724386d359df9f88', '8725042148');
INSERT INTO `users` (`id`, `firstname`, `lastname`, `email`, `password_hash`, `phone`) VALUES ('317', 'Adeline', 'Davis', 'sawayn.lenore@example.org', 'ad930a1bc41a2e0208b8c25187d85a4e2f9373da', '83');
INSERT INTO `users` (`id`, `firstname`, `lastname`, `email`, `password_hash`, `phone`) VALUES ('318', 'Rory', 'Dickinson', 'harmony66@example.com', '406a4c46d8cce9fe741fde575a566bfbf5079a3e', '269224');
INSERT INTO `users` (`id`, `firstname`, `lastname`, `email`, `password_hash`, `phone`) VALUES ('319', 'Vivien', 'Bergstrom', 'gulgowski.kim@example.net', '9b97e6f6a6aac0a4fc4539463a897d25f031bee3', '442');
INSERT INTO `users` (`id`, `firstname`, `lastname`, `email`, `password_hash`, `phone`) VALUES ('320', 'Alfonzo', 'Robel', 'sauer.grace@example.org', '64a2ecc5be734e649377584dd1b9b6a4a0aec83b', '775');
INSERT INTO `users` (`id`, `firstname`, `lastname`, `email`, `password_hash`, `phone`) VALUES ('322', 'Camden', 'Ritchie', 'greenholt.daisha@example.net', 'ca6267e918508c13a4f5f5b6044ffc15f9eedcd7', '204');
INSERT INTO `users` (`id`, `firstname`, `lastname`, `email`, `password_hash`, `phone`) VALUES ('325', 'Viva', 'Harris', 'gschaefer@example.com', '3e6e3900ce94fe66e0658015f532985cc1695fa6', '95');
INSERT INTO `users` (`id`, `firstname`, `lastname`, `email`, `password_hash`, `phone`) VALUES ('326', 'Palma', 'Leffler', 'cassin.lily@example.com', '53531537fcb4d0b9a3bb5cd435721edf31733329', '639');
INSERT INTO `users` (`id`, `firstname`, `lastname`, `email`, `password_hash`, `phone`) VALUES ('329', 'Nayeli', 'Will', 'gillian.kuhn@example.org', '4857c90d96dfb7bf0f472b91526dd8a17e8d0015', '971');
INSERT INTO `users` (`id`, `firstname`, `lastname`, `email`, `password_hash`, `phone`) VALUES ('330', 'Quentin', 'Bosco', 'langosh.sterling@example.net', 'a1fd1d8d4d8e9fac84b5e8581d709938fab333d9', '62');
INSERT INTO `users` (`id`, `firstname`, `lastname`, `email`, `password_hash`, `phone`) VALUES ('331', 'Roel', 'Ryan', 'mleannon@example.com', 'f2a0994573e2336650496126d708af0c6244a11f', '6378540190');
INSERT INTO `users` (`id`, `firstname`, `lastname`, `email`, `password_hash`, `phone`) VALUES ('332', 'Zena', 'Grant', 'rempel.grover@example.org', '9505fc4596762cdf780b8c2571df6ef652c9068d', '633880');
INSERT INTO `users` (`id`, `firstname`, `lastname`, `email`, `password_hash`, `phone`) VALUES ('333', 'Hudson', 'Runte', 'ssauer@example.com', 'fb6a7341421194d1af25d8895bd70488bd9c81ce', '946653');
INSERT INTO `users` (`id`, `firstname`, `lastname`, `email`, `password_hash`, `phone`) VALUES ('334', 'Audra', 'Boyle', 'drew58@example.org', '08e195f556273103cef0756592394bdc404e17fa', '150926');
INSERT INTO `users` (`id`, `firstname`, `lastname`, `email`, `password_hash`, `phone`) VALUES ('335', 'Bo', 'Kreiger', 'abbott.janelle@example.net', 'bec52dea9b60ca253634c20d22df81c0172eec77', '4582911112');
INSERT INTO `users` (`id`, `firstname`, `lastname`, `email`, `password_hash`, `phone`) VALUES ('337', 'Delfina', 'Will', 'amelie.wilderman@example.net', '7b9556b50bd55dac591886eef03034726284084c', '383');
INSERT INTO `users` (`id`, `firstname`, `lastname`, `email`, `password_hash`, `phone`) VALUES ('340', 'Lawrence', 'Schamberger', 'abshire.dorcas@example.com', '0beb2cfa01537035d6d53dd6a666f01459668b72', '37');
INSERT INTO `users` (`id`, `firstname`, `lastname`, `email`, `password_hash`, `phone`) VALUES ('341', 'Marilyne', 'Johns', 'ryley29@example.net', '520f4e4584aa335b6e30fedc3e1fc3d30de067da', '373756');
INSERT INTO `users` (`id`, `firstname`, `lastname`, `email`, `password_hash`, `phone`) VALUES ('347', 'Annalise', 'Cummerata', 'koepp.theodore@example.com', 'b1d204adeb03384c3d0c152f6baccd4587b39429', '91');
INSERT INTO `users` (`id`, `firstname`, `lastname`, `email`, `password_hash`, `phone`) VALUES ('351', 'Adell', 'Stoltenberg', 'trent.cassin@example.com', '4cc7ae8e097e3d5fc2c09d82f3c8bb4b24dff432', '872692');
INSERT INTO `users` (`id`, `firstname`, `lastname`, `email`, `password_hash`, `phone`) VALUES ('353', 'Albina', 'Schamberger', 'jerde.alberto@example.org', 'a5b980f95dff054d436c642713d53d1a413aa49d', '9509113800');
INSERT INTO `users` (`id`, `firstname`, `lastname`, `email`, `password_hash`, `phone`) VALUES ('357', 'Melissa', 'Wisozk', 'malcolm.brekke@example.org', 'a774b8d357d61817b5aef90d1bdd53a9bcdc557d', '548629');
INSERT INTO `users` (`id`, `firstname`, `lastname`, `email`, `password_hash`, `phone`) VALUES ('359', 'Lulu', 'Hoeger', 'estamm@example.org', '6477d3137835f7f07ccdffcc2d07e6c86595d243', '969462');
INSERT INTO `users` (`id`, `firstname`, `lastname`, `email`, `password_hash`, `phone`) VALUES ('360', 'Toy', 'Raynor', 'edyth.stark@example.org', 'f58c2928b97beb33bdd380fc1baf2d496b7b7616', '468');
INSERT INTO `users` (`id`, `firstname`, `lastname`, `email`, `password_hash`, `phone`) VALUES ('362', 'Bryana', 'Braun', 'esteban.kessler@example.com', 'b55b8c1e50257f1261863b625fcb6833a5a39b34', '600');
INSERT INTO `users` (`id`, `firstname`, `lastname`, `email`, `password_hash`, `phone`) VALUES ('363', 'Retta', 'Wisozk', 'abigale.oberbrunner@example.net', 'f1f57ecd3b4b3b69e81f32f8e083628e7a66a2b6', '145');
INSERT INTO `users` (`id`, `firstname`, `lastname`, `email`, `password_hash`, `phone`) VALUES ('364', 'Caterina', 'Olson', 'ila.donnelly@example.org', '9641f26b1b1ba12ef10d129ccc9f4a084be2a6ac', '457579');
INSERT INTO `users` (`id`, `firstname`, `lastname`, `email`, `password_hash`, `phone`) VALUES ('365', 'Hadley', 'Torp', 'josiah.friesen@example.net', 'dece735d05de9ff95279db4f5f10f02020400cf8', '816');
INSERT INTO `users` (`id`, `firstname`, `lastname`, `email`, `password_hash`, `phone`) VALUES ('367', 'Deanna', 'Tillman', 'gladyce58@example.com', '4bbee25e1378b78950df5ab06ba293a66cf6f0ec', '825');
INSERT INTO `users` (`id`, `firstname`, `lastname`, `email`, `password_hash`, `phone`) VALUES ('368', 'Stella', 'Ortiz', 'kris.johns@example.org', 'a18455ebbace80c23de17d6c8903ab9c9a1677c2', '851189');
INSERT INTO `users` (`id`, `firstname`, `lastname`, `email`, `password_hash`, `phone`) VALUES ('372', 'Braeden', 'Little', 'pagac.sylvan@example.com', 'f7b6126b8cf5e2ffcb1da9d7fdf68e70d73ca3b2', '633534');
INSERT INTO `users` (`id`, `firstname`, `lastname`, `email`, `password_hash`, `phone`) VALUES ('374', 'Hilario', 'Wolf', 'mallie.hackett@example.net', 'ac4ffa88b1c1610d6009f1830c0623a64cc30b45', '544');
INSERT INTO `users` (`id`, `firstname`, `lastname`, `email`, `password_hash`, `phone`) VALUES ('375', 'Barry', 'Reichel', 'katrine.orn@example.net', 'c626c08ce218fd5d77c7928722340629c5ca14cf', '488983');
INSERT INTO `users` (`id`, `firstname`, `lastname`, `email`, `password_hash`, `phone`) VALUES ('376', 'Lavern', 'Kub', 'bins.ansley@example.com', '0b974041667d4af29bc42f8ee8b60398aae89759', '377');
INSERT INTO `users` (`id`, `firstname`, `lastname`, `email`, `password_hash`, `phone`) VALUES ('380', 'Geraldine', 'Kirlin', 'kcollier@example.net', '16758e1a97ffdf36317db6e83254ea30f25cf1f8', '858');
INSERT INTO `users` (`id`, `firstname`, `lastname`, `email`, `password_hash`, `phone`) VALUES ('382', 'Santa', 'Rippin', 'arath@example.org', '401cd6dffb1427584e4399952efc91a13001ffc7', '78553');
INSERT INTO `users` (`id`, `firstname`, `lastname`, `email`, `password_hash`, `phone`) VALUES ('386', 'Juana', 'Schneider', 'blake.fay@example.net', '5c98e54ad8fb85211e62e2044fdfea32840b4162', '503');
INSERT INTO `users` (`id`, `firstname`, `lastname`, `email`, `password_hash`, `phone`) VALUES ('387', 'Helene', 'Effertz', 'kschroeder@example.com', '31dae4fcfed95d4c43bb37040fba7bc015a40a20', '185569');
INSERT INTO `users` (`id`, `firstname`, `lastname`, `email`, `password_hash`, `phone`) VALUES ('390', 'Chadrick', 'Rowe', 'freeman.feest@example.org', 'a8414471262fdb19dbd0c8b3ae1f0ea48a4cbb0a', '154');
INSERT INTO `users` (`id`, `firstname`, `lastname`, `email`, `password_hash`, `phone`) VALUES ('394', 'Arlene', 'Grant', 'katelyn.miller@example.org', '28d4e523309dc333f2f440ad716a91f054b93748', '5251');
INSERT INTO `users` (`id`, `firstname`, `lastname`, `email`, `password_hash`, `phone`) VALUES ('395', 'Felicia', 'Lynch', 'greenfelder.roselyn@example.net', '15f8fb271038734280e4d62ee12d6f010aa10b77', '995524');
INSERT INTO `users` (`id`, `firstname`, `lastname`, `email`, `password_hash`, `phone`) VALUES ('397', 'Tamara', 'Reichel', 'egreen@example.org', '77e1a5350138b637bf3fcff26a6aeae867fc3b76', '149254');
INSERT INTO `users` (`id`, `firstname`, `lastname`, `email`, `password_hash`, `phone`) VALUES ('399', 'Rolando', 'Franecki', 'savanah.welch@example.org', '4c18b338dd7c442667ef2012021b252db9a542de', '471');


#
# TABLE STRUCTURE FOR: users_communities
#

DROP TABLE IF EXISTS `users_communities`;

CREATE TABLE `users_communities` (
  `user_id` bigint(20) unsigned NOT NULL,
  `community_id` bigint(20) unsigned NOT NULL,
  PRIMARY KEY (`user_id`,`community_id`),
  KEY `community_id` (`community_id`),
  CONSTRAINT `users_communities_ibfk_1` FOREIGN KEY (`user_id`) REFERENCES `users` (`id`),
  CONSTRAINT `users_communities_ibfk_2` FOREIGN KEY (`community_id`) REFERENCES `communities` (`id`)
) ENGINE=InnoDB DEFAULT CHARSET=utf8mb4 COLLATE=utf8mb4_unicode_ci;

INSERT INTO `users_communities` (`user_id`, `community_id`) VALUES ('201', '1');
INSERT INTO `users_communities` (`user_id`, `community_id`) VALUES ('202', '2');
INSERT INTO `users_communities` (`user_id`, `community_id`) VALUES ('203', '3');
INSERT INTO `users_communities` (`user_id`, `community_id`) VALUES ('204', '4');
INSERT INTO `users_communities` (`user_id`, `community_id`) VALUES ('205', '5');
INSERT INTO `users_communities` (`user_id`, `community_id`) VALUES ('206', '6');
INSERT INTO `users_communities` (`user_id`, `community_id`) VALUES ('207', '7');
INSERT INTO `users_communities` (`user_id`, `community_id`) VALUES ('208', '8');
INSERT INTO `users_communities` (`user_id`, `community_id`) VALUES ('210', '9');
INSERT INTO `users_communities` (`user_id`, `community_id`) VALUES ('212', '10');
INSERT INTO `users_communities` (`user_id`, `community_id`) VALUES ('213', '11');
INSERT INTO `users_communities` (`user_id`, `community_id`) VALUES ('216', '12');
INSERT INTO `users_communities` (`user_id`, `community_id`) VALUES ('217', '13');
INSERT INTO `users_communities` (`user_id`, `community_id`) VALUES ('219', '14');
INSERT INTO `users_communities` (`user_id`, `community_id`) VALUES ('220', '15');
INSERT INTO `users_communities` (`user_id`, `community_id`) VALUES ('222', '16');
INSERT INTO `users_communities` (`user_id`, `community_id`) VALUES ('227', '17');
INSERT INTO `users_communities` (`user_id`, `community_id`) VALUES ('228', '18');
INSERT INTO `users_communities` (`user_id`, `community_id`) VALUES ('230', '19');
INSERT INTO `users_communities` (`user_id`, `community_id`) VALUES ('231', '20');
INSERT INTO `users_communities` (`user_id`, `community_id`) VALUES ('235', '21');
INSERT INTO `users_communities` (`user_id`, `community_id`) VALUES ('236', '22');
INSERT INTO `users_communities` (`user_id`, `community_id`) VALUES ('239', '23');
INSERT INTO `users_communities` (`user_id`, `community_id`) VALUES ('240', '24');
INSERT INTO `users_communities` (`user_id`, `community_id`) VALUES ('241', '25');
INSERT INTO `users_communities` (`user_id`, `community_id`) VALUES ('243', '26');
INSERT INTO `users_communities` (`user_id`, `community_id`) VALUES ('245', '27');
INSERT INTO `users_communities` (`user_id`, `community_id`) VALUES ('246', '28');
INSERT INTO `users_communities` (`user_id`, `community_id`) VALUES ('247', '29');
INSERT INTO `users_communities` (`user_id`, `community_id`) VALUES ('248', '30');
INSERT INTO `users_communities` (`user_id`, `community_id`) VALUES ('249', '31');
INSERT INTO `users_communities` (`user_id`, `community_id`) VALUES ('250', '32');
INSERT INTO `users_communities` (`user_id`, `community_id`) VALUES ('253', '33');
INSERT INTO `users_communities` (`user_id`, `community_id`) VALUES ('254', '34');
INSERT INTO `users_communities` (`user_id`, `community_id`) VALUES ('255', '35');
INSERT INTO `users_communities` (`user_id`, `community_id`) VALUES ('257', '36');
INSERT INTO `users_communities` (`user_id`, `community_id`) VALUES ('258', '37');
INSERT INTO `users_communities` (`user_id`, `community_id`) VALUES ('259', '38');
INSERT INTO `users_communities` (`user_id`, `community_id`) VALUES ('260', '39');
INSERT INTO `users_communities` (`user_id`, `community_id`) VALUES ('261', '40');
INSERT INTO `users_communities` (`user_id`, `community_id`) VALUES ('262', '41');
INSERT INTO `users_communities` (`user_id`, `community_id`) VALUES ('263', '42');
INSERT INTO `users_communities` (`user_id`, `community_id`) VALUES ('265', '43');
INSERT INTO `users_communities` (`user_id`, `community_id`) VALUES ('266', '44');
INSERT INTO `users_communities` (`user_id`, `community_id`) VALUES ('268', '45');
INSERT INTO `users_communities` (`user_id`, `community_id`) VALUES ('269', '46');
INSERT INTO `users_communities` (`user_id`, `community_id`) VALUES ('270', '47');
INSERT INTO `users_communities` (`user_id`, `community_id`) VALUES ('271', '48');
INSERT INTO `users_communities` (`user_id`, `community_id`) VALUES ('273', '49');
INSERT INTO `users_communities` (`user_id`, `community_id`) VALUES ('275', '50');
INSERT INTO `users_communities` (`user_id`, `community_id`) VALUES ('277', '51');
INSERT INTO `users_communities` (`user_id`, `community_id`) VALUES ('278', '52');
INSERT INTO `users_communities` (`user_id`, `community_id`) VALUES ('279', '53');
INSERT INTO `users_communities` (`user_id`, `community_id`) VALUES ('280', '54');
INSERT INTO `users_communities` (`user_id`, `community_id`) VALUES ('283', '55');
INSERT INTO `users_communities` (`user_id`, `community_id`) VALUES ('284', '56');
INSERT INTO `users_communities` (`user_id`, `community_id`) VALUES ('285', '57');
INSERT INTO `users_communities` (`user_id`, `community_id`) VALUES ('287', '58');
INSERT INTO `users_communities` (`user_id`, `community_id`) VALUES ('292', '59');
INSERT INTO `users_communities` (`user_id`, `community_id`) VALUES ('296', '60');
INSERT INTO `users_communities` (`user_id`, `community_id`) VALUES ('297', '61');
INSERT INTO `users_communities` (`user_id`, `community_id`) VALUES ('298', '62');
INSERT INTO `users_communities` (`user_id`, `community_id`) VALUES ('301', '63');
INSERT INTO `users_communities` (`user_id`, `community_id`) VALUES ('302', '64');
INSERT INTO `users_communities` (`user_id`, `community_id`) VALUES ('305', '65');
INSERT INTO `users_communities` (`user_id`, `community_id`) VALUES ('307', '66');
INSERT INTO `users_communities` (`user_id`, `community_id`) VALUES ('310', '67');
INSERT INTO `users_communities` (`user_id`, `community_id`) VALUES ('312', '68');
INSERT INTO `users_communities` (`user_id`, `community_id`) VALUES ('313', '69');
INSERT INTO `users_communities` (`user_id`, `community_id`) VALUES ('316', '70');
INSERT INTO `users_communities` (`user_id`, `community_id`) VALUES ('317', '71');
INSERT INTO `users_communities` (`user_id`, `community_id`) VALUES ('318', '72');
INSERT INTO `users_communities` (`user_id`, `community_id`) VALUES ('319', '73');
INSERT INTO `users_communities` (`user_id`, `community_id`) VALUES ('320', '74');
INSERT INTO `users_communities` (`user_id`, `community_id`) VALUES ('322', '75');
INSERT INTO `users_communities` (`user_id`, `community_id`) VALUES ('325', '76');
INSERT INTO `users_communities` (`user_id`, `community_id`) VALUES ('326', '77');
INSERT INTO `users_communities` (`user_id`, `community_id`) VALUES ('329', '78');
INSERT INTO `users_communities` (`user_id`, `community_id`) VALUES ('330', '79');
INSERT INTO `users_communities` (`user_id`, `community_id`) VALUES ('331', '80');
INSERT INTO `users_communities` (`user_id`, `community_id`) VALUES ('332', '81');
INSERT INTO `users_communities` (`user_id`, `community_id`) VALUES ('333', '82');
INSERT INTO `users_communities` (`user_id`, `community_id`) VALUES ('334', '83');
INSERT INTO `users_communities` (`user_id`, `community_id`) VALUES ('335', '84');
INSERT INTO `users_communities` (`user_id`, `community_id`) VALUES ('337', '85');
INSERT INTO `users_communities` (`user_id`, `community_id`) VALUES ('340', '86');
INSERT INTO `users_communities` (`user_id`, `community_id`) VALUES ('341', '87');
INSERT INTO `users_communities` (`user_id`, `community_id`) VALUES ('347', '88');
INSERT INTO `users_communities` (`user_id`, `community_id`) VALUES ('351', '89');
INSERT INTO `users_communities` (`user_id`, `community_id`) VALUES ('353', '90');
INSERT INTO `users_communities` (`user_id`, `community_id`) VALUES ('357', '91');
INSERT INTO `users_communities` (`user_id`, `community_id`) VALUES ('359', '92');
INSERT INTO `users_communities` (`user_id`, `community_id`) VALUES ('360', '93');
INSERT INTO `users_communities` (`user_id`, `community_id`) VALUES ('362', '94');
INSERT INTO `users_communities` (`user_id`, `community_id`) VALUES ('363', '95');
INSERT INTO `users_communities` (`user_id`, `community_id`) VALUES ('364', '96');
INSERT INTO `users_communities` (`user_id`, `community_id`) VALUES ('365', '97');
INSERT INTO `users_communities` (`user_id`, `community_id`) VALUES ('367', '98');
INSERT INTO `users_communities` (`user_id`, `community_id`) VALUES ('368', '99');
INSERT INTO `users_communities` (`user_id`, `community_id`) VALUES ('372', '100');


